
/*Table structure for table `ai_responses` */

DROP TABLE IF EXISTS `ai_responses`;

CREATE TABLE `ai_responses` (
  `id` int(11) NOT NULL AUTO_INCREMENT,
  `user_input` text NOT NULL,
  `ai_response` text NOT NULL,
  `created_at` datetime DEFAULT current_timestamp(),
  PRIMARY KEY (`id`)
) ENGINE=InnoDB AUTO_INCREMENT=80 DEFAULT CHARSET=latin1 COLLATE=latin1_swedish_ci;

/*Data for the table `ai_responses` */

insert  into `ai_responses`(`id`,`user_input`,`ai_response`,`created_at`) values 
(40,'Show me the data you have','AI Recommendation:\n\n**High Priority Recommendations:**\n\n* **Youth Sports Leagues (Basketball, Volleyball, Football):**  Given the significant population of children and teens (ages 5-19), organizing sports leagues caters to a large demographic and aligns with the stated interest in sports.  Leagues can be structured by age group and utilize the Old Capitol Covered Court or Quezon Memorial Circle (for appropriate sports).\n* **Health and Wellness Fair:** Combining the interest in \"Health Care\" with the broad age range, a health fair could offer something for everyone.  This could include free health screenings, healthy cooking demonstrations, fitness classes, and informational booths from Capitol Medical Center, Inc. (CMCI) and other health organizations.  Quezon Memorial Circle or Quezon City Hall Complex would be ideal locations.\n\n\n**Medium Priority Recommendations:**\n\n* **Young Adult Fitness Bootcamps:** Targeting the 20-29 age group (a sizable portion of the population), fitness bootcamps focused on popular trends like HIIT or strength training could be organized at Quezon Memorial Circle or the Old Capitol Covered Court.\n* **Family Fun Run/Walk at Quezon Memorial Circle:** This event promotes both health and community engagement, appealing to a wide range of age groups.  It could include shorter distances for younger children and longer routes for adults.\n* **Parenting Workshops focused on child health and development:** Considering the significant population of young children (under 10), offering workshops on topics like nutrition, first aid, and age-appropriate activities could be beneficial. These could be held at Quezon City Hall Complex or a community center.\n\n\n**Low Priority Recommendations:**\n\n* **E-sports Tournament at UP-Ayala Technohub Center:** This targets a potentially underserved group within the 15-29 age range. Leveraging the Technohub\'s tech-focused environment could attract participants and sponsors.  This recommendation is lower priority due to the lack of explicit data indicating interest in e-sports.\n* **Senior Citizen Health Talks at Quezon City Hall Complex:** While the data provided doesn\'t show a large senior population, it\'s a group often overlooked.  Partnering with CMCI to provide targeted information on age-related health concerns could be valuable.  This is lower priority due to the lack of specific age demographic information above 29.\n\n\nThese recommendations prioritize events catering to the largest represented age groups and identified user interests while utilizing available community facilities.  Further data on community interests and facility availability could refine these recommendations.\n','2025-04-02 15:06:53'),
(41,'Recommend events based on available data','AI Recommendation:\n\n**High Priority Recommendations:**\n\n* **Family Fun Day & Sports Fest at Quezon Memorial Circle:** This event caters to a wide age range with a focus on sports and healthy activities.  It can include age-appropriate sports competitions (e.g., sack races for younger children, basketball for teens), fitness demonstrations, health information booths, and family-friendly entertainment. This leverages the large open space of Quezon Memorial Circle.\n* **\"Healthy Habits for Growing Kids\" Workshop Series at the Old Capitol Covered Court:** This series could focus on age-specific topics related to nutrition, physical activity, and general well-being for children and teens. Partnering with Capitol Medical Center could provide expert speakers and resources. This addresses the \"Health Care\" interest and targets the significant youth population.\n\n**Medium Priority Recommendations:**\n\n* **Young Adult Sports League (Basketball, Volleyball) at the Old Capitol Covered Court:** This targets the 15-29 age group, a significant portion of the provided demographics, and aligns with the \"Sports\" interest.  The Old Capitol Covered Court provides a suitable venue.\n* **Health Fair at UP-Ayala Technohub Center:** Targeting young professionals (20-29) working in the area, this fair could offer health screenings, consultations, wellness workshops, and healthy food options.  This leverages the Technohub\'s accessibility and potential partnerships with businesses in the area.\n* **\"Mommy & Me\" Fitness Classes at Quezon Memorial Circle:**  Catering to new mothers and their babies (under 1 to 4 age group), these classes can focus on postpartum recovery, gentle exercise, and bonding. The open space at Quezon Memorial Circle is ideal.\n\n**Low Priority Recommendations:**\n\n* **Guided Tours of Quezon City Hall Complex:** While not directly related to health or sports, this can be a community-building activity and offer historical insights.  It could be combined with health-focused initiatives like a walking tour promoting physical activity.\n* **Senior Citizen Health and Wellness Program (in partnership with CMCI):** While the provided data doesn\'t show a significant senior population, this program could be beneficial for the community in the long term and demonstrate a commitment to all age groups.  It could include health check-ups, exercise classes, and educational seminars.  CMCI could provide expert support.\n* **Inter-Barangay Sports Tournament (at various locations):** Expanding the sports initiatives to involve different barangays can foster community spirit and provide more opportunities for athletic participation.\n\n\nThis plan prioritizes events that directly address the identified interests (Sports and Health Care) and cater to the largest segments of the population based on the age distribution.  It also leverages existing community facilities. The lower-priority recommendations are still valuable but may require more resources or have a narrower target audience.\n','2025-04-02 15:07:13'),
(42,'Show me the data you are referencing and considering','AI Recommendation:\n\n**High Priority Recommendations:**\n\n* **Youth Sports Clinics (Basketball, Volleyball, Badminton):**  Given the significant population of children and teenagers (5-19 age group comprising ~23% of the provided data), and the interest in sports, organizing sports clinics at the Old Capitol Covered Court or Quezon Memorial Circle would be highly beneficial. These could be tailored for different age groups and skill levels.  Partnering with local sports clubs or coaches could enhance the quality of training.\n* **Health and Wellness Fair at Quezon Memorial Circle:**  Combine the community\'s interest in healthcare with a fun, accessible event. This could include free health screenings (blood pressure, blood sugar), healthy cooking demonstrations, informational booths from Capitol Medical Center and other local health providers, and family-friendly activities like yoga or Zumba in the park.\n\n**Medium Priority Recommendations:**\n\n* **Young Adult Sports Leagues (Basketball, Volleyball):**  Catering to the 20-29 age group, organizing sports leagues at the Old Capitol Covered Court could foster community engagement and healthy competition.  League fees could help sustain the program.\n* **Health Talks and Seminars at Quezon City Hall Complex or UP-Ayala Technohub Center:**  Focusing on relevant health topics for different age groups (e.g., nutrition for children, stress management for young adults, preventative care for older adults - though data on older adults isn\'t provided).  These locations offer professional settings and could attract a wider audience, potentially including professionals from the Technohub.\n\n**Low Priority Recommendations:**\n\n* **Family Fun Run/Walk at Quezon Memorial Circle:**  A less structured event that encourages physical activity for all ages. This could be tied to a specific cause (e.g., raising awareness for a particular health issue) or simply promote general wellness.\n* **Movie Nights at Quezon Memorial Circle:**  Leveraging the open space for community entertainment, perhaps with a focus on health-related documentaries or family-friendly films.\n* **Partnerships with Capitol Medical Center for specialized health programs:** Explore opportunities for subsidized health check-ups or specialized clinics for the community, possibly targeted towards specific age groups or health concerns identified through the health fair.  This would require more detailed community health data to be truly effective.\n\n\n**Reasoning:**\n\nThe recommendations prioritize events that directly address the provided data on age demographics and interests (sports and healthcare). The high-priority recommendations focus on younger demographics given their substantial representation in the data.  Location choices consider accessibility and suitability for the type of event.  Medium priority recommendations build on these themes but may require more resources or planning.  Low priority recommendations offer additional community engagement opportunities but are less focused on the core interests and demographics highlighted in the data.  The lack of detailed interest information beyond \"Sports\" and \"Healthcare\" necessitates a broader approach to event planning.  Further data collection would allow for more targeted and effective recommendations.\n','2025-04-02 15:08:53'),
(43,'Show me the data you have','AI Recommendation:\n\n**High Priority Recommendations:**\n\n* **Youth Sports League (Ages 5-19):**  Given the significant population of children and teenagers, and the interest in sports, organizing a youth sports league (e.g., basketball, volleyball, soccer) would be highly beneficial.  This could utilize the Old Capitol Covered Court.  Different age brackets within the league can ensure fair competition.  Partnerships with local sports shops could provide equipment and sponsorship opportunities.\n\n* **Health and Wellness Fair:** Catering to the broad interest in \"Health Care,\" this fair could offer free health screenings (blood pressure, cholesterol), informational booths on healthy eating and exercise (targeting all age groups), and demonstrations of age-appropriate fitness activities. This event could be held at Quezon Memorial Circle or the Quezon City Hall Complex, leveraging their accessibility and space. Partnering with Capitol Medical Center could provide medical professionals and resources.\n\n\n**Medium Priority Recommendations:**\n\n* **Young Adult Fitness Classes (20-29):** This age group represents a substantial portion of the community and is likely interested in maintaining an active lifestyle.  Offering fitness classes (yoga, Zumba, HIIT) tailored to this demographic could be popular.  These classes could be held at the Quezon Memorial Circle or potentially partner with a local gym for indoor space.\n\n* **Family Fun Run/Walk at Quezon Memorial Circle:** This event promotes healthy activity for all ages and encourages family participation.  It\'s a relatively low-cost event to organize and can leverage the existing infrastructure of Quezon Memorial Circle.\n\n\n**Low Priority Recommendations:**\n\n* **Health Seminars Targeted at Specific Age Groups:** While general health fairs are beneficial, more specialized seminars focused on age-specific health concerns (e.g., childhood nutrition, senior health) could be offered based on community demand and resource availability.  These could be held at community centers or the Quezon City Hall Complex.\n\n* **Partnership with UP-Ayala Technohub Center for Health Tech Presentations/Workshops:** This could cater to a potentially tech-savvy segment of the community and explore the intersection of health and technology. This is lower priority due to the assumption that the Technohub\'s primary focus may not align perfectly with community health initiatives, but it could be a valuable partnership to explore in the long term.\n\n\nThese recommendations prioritize events that address the most prominent demographics and expressed interests within the community, while also considering the available facilities. The tiered prioritization allows for flexibility in implementation based on available resources and community feedback.\n','2025-04-02 15:09:19'),
(44,'Explain the data you are referencing','I am referencing the provided user\'s age distribution, interests, community statistics (including common interests and sample data), and available community facilities and landmarks to formulate event recommendations.  Specifically, I\'m looking at the high representation of young people, the stated interests in \"Sports\" and \"Healthcare,\" and the available venues like the Quezon Memorial Circle, the Old Capitol Covered Court, and proximity to a major medical center.\n\nAI Recommendation:\n\nConsidering the available data, I recommend the following events:\n\n* **Family Fun Day & Health Fair at Quezon Memorial Circle:** This event caters to the large population of families with young children.  It can include age-appropriate sports activities like fun runs, obstacle courses (tailored for different age groups), and sports demonstrations.  The health fair aspect can involve free health screenings, health information booths staffed by professionals from Capitol Medical Center (or partnering organizations), and healthy food vendors.  This leverages the open space of the Circle and connects to the user\'s health interest.\n\n* **Youth Sports Tournament at Old Capitol Covered Court:** Focusing on basketball, volleyball, or other popular sports, this tournament could be organized for different age brackets within the 10-29 age range, which represents a significant portion of the population. This directly addresses the \"Sports\" interest and utilizes an existing community facility.\n\n* **\"Health in Motion\" Community Walk/Run at Quezon Memorial Circle:** This event promotes healthy living and community engagement. Participants of all ages can participate in a walk or run around the Circle.  Partnering with Capitol Medical Center or local health organizations could provide educational materials and experts to speak on relevant health topics.  This caters to both \"Sports\" and \"Healthcare\" interests.\n\n* **First Aid & CPR Training for Young Families:**  Given the significant number of young children and families, offering a certified first aid and CPR training course at a community facility (perhaps near the Quezon City Hall Complex or another accessible location) would be a valuable service. This aligns with the \"Healthcare\" interest and addresses a practical need for families.\n\n\nThese recommendations aim to be inclusive, engaging, and relevant to the provided data.  Further refinement of these events could involve surveys or focus groups within the community to gather more specific preferences and needs.\n','2025-04-02 15:14:07'),
(45,'Explain the data you are referencing','I am referencing the following data to formulate event recommendations:\n\n1. **User\'s Age Distribution:**  This data shows the age breakdown of the user group.  A significant portion falls within the younger age ranges (under 29), which informs the types of activities that might be appropriate and engaging.\n\n2. **User\'s Interests:**  The provided interests are \"Sports\" and \"Health Care.\" This directly influences the theme and nature of the recommended events.\n\n3. **Community Stats (Most Common Interests & Sample Data):**  While the \"Most Common Interests\" reinforces the user\'s stated interests, the \"Sample Data\" provided is currently limited and doesn\'t offer much additional insight.  More detailed community interest data (e.g., specific sports, health concerns) would be beneficial for better recommendations.\n\n4. **Age Group Distribution:** This is a duplication of the User\'s Age Distribution, and I\'m treating it as such.\n\n5. **Community Facilities and Landmarks:**  This data is crucial for suggesting event locations and integrating community resources.  The presence of places like Quezon Memorial Circle (open space ideal for sports and activities), the Old Capitol Covered Court (potential indoor sports venue), and Capitol Medical Center (relevant to healthcare) are all taken into account.\n\n\n**AI Recommendations:**\n\n\n* **Family Fun Day & Health Fair at Quezon Memorial Circle:** This event caters to the broad age range within the user group.  Activities could include:\n    * Age-grouped sports tournaments (basketball, volleyball, fun runs for kids)\n    * Health screenings and information booths (provided in partnership with Capitol Medical Center)\n    * Healthy food vendors\n    * Family-friendly entertainment and games\n\n* **Youth Sports Clinic at Old Capitol Covered Court:** Focusing on the significant youth population, this event could feature:\n    * Introductory clinics in popular sports like basketball and volleyball.\n    * Sessions on sports injury prevention and basic first aid.\n    * Guest speakers – local athletes or health professionals.\n\n* **\"Health in the City\" Seminar Series at UP-Ayala Technohub Center:**  Targeting the slightly older demographic (20-29), this series could cover topics like:\n    * Stress management and mental wellness\n    * Nutrition and healthy eating habits\n    * Physical fitness and exercise routines\n    * Healthcare access and resources\n\n* **Community Wellness Walk/Run at Quezon Memorial Circle:** A community-wide event promoting physical activity and healthy lifestyles. This could include different route lengths catering to various fitness levels and could potentially raise funds for a health-related cause in partnership with Capitol Medical Center.\n\n\nThese recommendations aim to combine the users\' interests, age demographics, and available community facilities to create engaging and relevant events.  With more granular data on community interests and available resources, the recommendations can be further refined and tailored.\n','2025-04-02 15:15:35'),
(46,'Recommend events based on available data','Based on the provided data, here are some event recommendations:\n\n**For Families and Younger Children (Under 14):**\n\n* **\"Kids in Motion\" Fun Run/Obstacle Course at Quezon Memorial Circle:** This caters to the significant population of children under 14.  Different age groups can have modified courses and distances.  Focus on fun and participation rather than competition.  Tie in healthy eating habits with a post-run healthy snack area.\n* **\"Healthy Habits Start Young\" Fair at Quezon Memorial Circle or Old Capitol Covered Court:** Include interactive booths promoting healthy eating, exercise, and basic hygiene. Partner with local health organizations and vendors for demonstrations and giveaways. This aligns with the \"Health Care\" interest.\n* **\"Story Time and Play Date\" at Quezon City Hall Complex (if suitable space is available):** A more relaxed event for younger children, featuring age-appropriate storytelling sessions and free play activities.\n\n\n**For Teenagers and Young Adults (15-29):**\n\n* **3-on-3 Basketball Tournament at Old Capitol Covered Court:**  This age group shows a strong representation and aligns with the \"Sports\" interest.  Offer prizes and partner with local sports shops for sponsorships.\n* **\"Fitness Fun\" Bootcamp at Quezon Memorial Circle:**  Organize a series of fitness boot camps led by certified instructors, offering various workout styles to cater to different fitness levels.  Promote healthy competition and community building.\n* **\"Health and Wellness Expo\" at UP-Ayala Technohub Center:**  Target the young adult demographic with workshops and talks on stress management, healthy eating, and mental wellness. Partner with health professionals from Capitol Medical Center, Inc. (CMCI) to provide expert advice and credibility.\n\n\n**General Community Events:**\n\n* **\"Community Health Fair\" at Quezon City Hall Complex or Quezon Memorial Circle:** Expand the children\'s health fair concept to encompass all ages.  Include free health screenings (blood pressure, blood sugar), health information booths, and demonstrations related to first aid, CPR, and healthy lifestyle choices. Partner with CMCI.\n* **\"Movie Night Under the Stars\" at Quezon Memorial Circle:** A free, family-friendly event showcasing a movie related to health, sports, or community well-being.\n\n**Further Recommendations & Improvements:**\n\n* **Gather More Data:** The current data is limited.  Conducting surveys or polls to understand specific interests within the \"Sports\" and \"Health Care\" categories would help tailor events more effectively.  Understanding available budgets and preferred event timings is also crucial.\n* **Community Partnerships:** Collaborating with local businesses, health organizations (like CMCI), and community groups can enhance event resources and reach a wider audience.\n* **Accessibility:** Ensure all events are accessible to people of all abilities.\n* **Promotion:** Develop a comprehensive marketing strategy to promote events effectively within the community.\n\nBy considering the provided data and incorporating these recommendations, you can create successful and engaging events that cater to the diverse interests and needs of the community.\n','2025-04-02 15:15:56'),
(47,'Explain the data you are referencing','I am referencing the provided user age distribution, user interests (Sports and Health Care), community statistics (most common interests and sample data), and community facilities and landmarks to formulate event recommendations.  Specifically, I\'m looking at the age breakdown to determine appropriate activities, the stated interests to tailor the type of events, and the facilities to identify potential venues or tie-in opportunities.  For example, the significant youth population suggests family-friendly events, while the interest in sports and available landmarks like the Quezon Memorial Circle and Old Capitol Covered Court suggest possibilities for sports activities. The presence of Capitol Medical Center could be leveraged for health-related events.\n\nAI Recommendation:\n\nGiven the data, here are a few event recommendations:\n\n**Sports & Fitness:**\n\n* **Family Fun Run/Walk at Quezon Memorial Circle:** This caters to a wide age range, promoting health and fitness in a fun, accessible way.  It can include shorter distances for younger children and longer routes for adults and teens.  Sponsorships from local businesses could provide refreshments and prizes.\n* **Youth Basketball Tournament at Old Capitol Covered Court:**  Targeting the 10-19 age group, this leverages existing facilities and the interest in sports.  Divisions can be created for different age groups and skill levels.\n* **Fitness Bootcamp Series at Quezon Memorial Circle:** This can be a recurring event catering to the 15-29 age group and focusing on different fitness styles each week (yoga, Zumba, HIIT).\n\n**Health & Wellness:**\n\n* **Health Fair at Quezon City Hall Complex:** Partnering with Capitol Medical Center, this event could offer free health screenings, educational workshops on healthy living, and demonstrations of healthy cooking.  This would appeal to a broad age range and address the interest in health care.\n* **\"Ask a Doctor\" Session at UP-Ayala Technohub Center:** This could be a series of talks by doctors from Capitol Medical Center on relevant health topics, followed by Q&A sessions. This caters to a more mature audience, particularly those in the 20-29 age group who may be more focused on specific health concerns.\n* **First Aid and CPR Training at a Community Center:**  A valuable skill for all ages, this event could be offered in partnership with local emergency services or the Red Cross.\n\nThese are just a few ideas.  More targeted and effective recommendations can be made with more specific data, such as preferred types of sports, specific health interests, and community budget for events.\n','2025-04-02 15:17:20'),
(48,'Recommend events based on available data','Based on the available data, here are some event recommendations catering to the user\'s interests and the community demographics:\n\n**For Sports Enthusiasts (All Ages):**\n\n* **Quezon Memorial Circle Fun Run/Walk:**  Leveraging the landmark, this event can cater to various age groups and fitness levels.  Different race categories can be established (e.g., 1K for kids, 5K for teens/adults, 10K for serious runners).  Tie in with health and wellness booths for added value.\n* **Sports Clinics at Old Capitol Covered Court:**  Organize introductory sports clinics for children and teens (basketball, volleyball, badminton).  This addresses the significant population under 19 and utilizes an existing facility.  Consider offering adult sports clinics in the evenings.\n* **UP-Ayala Technohub Fitness Challenge:** Partner with businesses in the Technohub to host a fitness challenge. This could involve team-based activities, gym discounts, or healthy eating workshops, attracting the 20-29 age group.\n\n**Health & Wellness Focused Events:**\n\n* **Health Fair at Quezon City Hall Complex:**  A free health fair offering basic check-ups (blood pressure, blood sugar), health information sessions, and demonstrations related to healthy living. This caters to the community\'s interest in health care and is accessible due to the central location.\n* **\"Ask a Doctor\" Session at Capitol Medical Center:**  Partner with the hospital to offer a free Q&A session with doctors specializing in areas relevant to the community. This could focus on children\'s health, women\'s health, or general wellness topics.\n* **Healthy Cooking Classes:** Host cooking classes focusing on healthy recipes and meal preparation. This can be tailored to different age groups (e.g., fun, healthy snacks for kids, quick and healthy meals for busy professionals).\n\n\n**Considerations for Event Planning:**\n\n* **Partnerships:** Collaborate with local businesses, health organizations, and sports clubs to maximize resources and reach a wider audience.\n* **Marketing:** Utilize social media, local community groups, and flyers to promote the events effectively.\n* **Accessibility:** Ensure events are accessible to all age groups and abilities.  Consider offering transportation options or virtual components for those unable to attend in person.\n* **Feedback:** Collect feedback after each event to improve future offerings and cater better to the community\'s needs.\n\n\nThis range of events caters to the identified interests (sports and healthcare), leverages existing community facilities, and targets the predominant age groups within the community. By focusing on accessibility and partnerships, these events can foster a healthier and more engaged community.\n','2025-04-02 15:17:44'),
(49,'Create a plan based on the data','AI Recommendation:\n\nGiven the user\'s interest in Sports and Healthcare, the age distribution heavily skewed towards younger individuals, and available community facilities, I recommend the following events:\n\n**1. Family Fun & Fitness Day at Quezon Memorial Circle:**\n\n* **Target Audience:** Families with children of all ages (Under 1 to 19), young adults (20-29).\n* **Activities:**\n    * Age-grouped fun runs/walks around the circle.  Shorter distances for younger children, longer options for teens and adults.\n    * Fitness demonstrations and classes (yoga, Zumba, basic calisthenics) catering to different fitness levels.\n    * Health information booths focusing on nutrition, healthy habits for kids, and family health.  Partner with Capitol Medical Center for health screenings (blood pressure, glucose checks) and educational materials.\n    * Kids\' play area with inflatable obstacle courses, sports games, and face painting.\n    * Healthy food vendors.\n* **Benefits:** Promotes healthy lifestyles, caters to a wide age range, utilizes a popular community landmark.\n\n\n**2. Teen Sports Tournament at Old Capitol Covered Court:**\n\n* **Target Audience:** Teenagers (15-19), young adults (20-29).\n* **Activities:**\n    * Basketball, volleyball, or badminton tournaments.\n    * Sports clinics and workshops led by local coaches or athletes.\n    * First aid and sports injury prevention talks in partnership with Capitol Medical Center.\n* **Benefits:**  Engages teenagers in positive activities, promotes teamwork and sportsmanship, leverages existing sports facilities.\n\n\n\n**3. Young Adult Health & Wellness Fair at UP-Ayala Technohub Center:**\n\n* **Target Audience:** Young adults (20-29).\n* **Activities:**\n    * Health talks and workshops on topics relevant to young adults (stress management, healthy eating habits, mental health).\n    * Fitness classes tailored to young adults (HIIT, spin, yoga).\n    * Health screenings and consultations provided by Capitol Medical Center.\n    * Career and professional development workshops with a health and wellness focus.\n* **Benefits:** Addresses the specific health concerns of young adults, leverages a modern and accessible venue, combines health and wellness with career development.\n\n\n**4. \"Know Your Health\" Community Seminar Series at Quezon City Hall Complex:**\n\n* **Target Audience:** All age groups, with specific sessions tailored to different demographics.\n* **Activities:**\n    * Series of informative talks and Q&A sessions with healthcare professionals from Capitol Medical Center. Topics could include:\n        * Pediatric health\n        * Geriatric care (relevant for older family members, although not heavily represented in the current data)\n        * Managing chronic conditions\n        * Mental health awareness\n* **Benefits:** Provides valuable health information to the community, positions Capitol Medical Center as a valuable community resource, utilizes a central and accessible venue.\n\n\nThese recommendations offer a diverse range of events that cater to the user\'s interests and the community\'s demographics and resources.  Further refinement of these events can be achieved with more detailed user preferences and community feedback.\n','2025-04-02 15:18:06'),
(50,'Explain the data you are referencing','I am referencing the following data to recommend events:\n\n1. **User\'s Age Distribution:**  This tells me the age breakdown of the users I am catering to. Currently, the data shows a concentration of users from infants to young adults (under 30). This helps me suggest age-appropriate activities.\n\n2. **User\'s Interests:** The provided interests are \"Sports\" and \"Health Care.\" This significantly narrows down the type of events that would be relevant.\n\n3. **Community Stats:** While \"Most Common Interests\" mirrors the user\'s stated interests, the \"Sample Data\" doesn\'t provide much information as the tags are empty.  It could be more useful with populated data points.\n\n4. **Age Group Distribution:**  This is a more readable format of the User\'s Age Distribution, offering the same information regarding the age demographics.\n\n5. **Community Facilities and Landmarks:** This provides context about potential venues and resources available for events.  The presence of Quezon Memorial Circle, a large park, suggests outdoor activities are feasible. The Old Capitol Covered Court hints at the possibility of indoor sports events.  The presence of Capitol Medical Center could be leveraged for health-related events.\n\n\n**AI Recommendations:**\n\nConsidering the above data, here are some event recommendations:\n\n**Sports Focused:**\n\n* **Family Fun Day at Quezon Memorial Circle:**  This event could include age-appropriate sports activities like frisbee, kite flying, and short races for kids and younger participants, as well as a 3-on-3 basketball tournament for teens and young adults at the Old Capitol Covered Court.  This caters to the large youth population and the \"Sports\" interest.\n* **Youth Sports Clinic:** Organize introductory sports clinics (basketball, volleyball, badminton) at the Old Capitol Covered Court for different age groups, led by local coaches or volunteers.\n\n**Health Care Focused:**\n\n* **Health and Wellness Fair at Quezon Memorial Circle:** Partner with Capitol Medical Center to offer free health screenings (blood pressure, blood sugar), health information booths, and healthy lifestyle demonstrations. This aligns with the \"Health Care\" interest and leverages the available medical facility.\n* **First Aid and CPR Training:**  A valuable skill for all ages, this can be offered in partnership with Capitol Medical Center or a certified organization at the Quezon City Hall Complex or UP-Ayala Technohub Center.\n\n\n**Combined Sports and Health Care:**\n\n* **\"Fun Run for Health\" at Quezon Memorial Circle:**  A fun run/walk event promoting healthy lifestyles.  Different distance categories could cater to various age groups and fitness levels.  This could be tied to a fundraising effort for a health-related cause, further leveraging the \"Health Care\" interest.\n\n\nThese recommendations consider the provided data, focusing on the significant youth demographic and the stated interests in Sports and Health Care.  With more complete community data and specific user preferences, these recommendations could be further refined and personalized.\n','2025-04-02 15:18:48'),
(51,'Explain the data you are referencing','I am referencing the provided user\'s age distribution, interests, community statistics (including common interests and sample data), and available community facilities and landmarks to recommend relevant and engaging events.  Specifically:\n\n* **User\'s Age Distribution:** This data helps me understand the dominant age demographics, allowing me to suggest age-appropriate activities. For example, the significant population of children and young adults suggests a need for events catering to those groups.\n* **User\'s Interests:**  The stated interests in \"Sports\" and \"Health Care\" guide me towards recommending events related to these topics.\n* **Community Stats:** While the \"Most Common Interests\" mirrors the user\'s interests, the \"Sample Data\" provided doesn\'t offer much insight as the tags are empty.  In a real-world scenario, richer sample data with actual interests and activities would provide more specific guidance.\n* **Community Facilities and Landmarks:** This data informs the *location* and *type* of events I can recommend.  The presence of places like the Quezon Memorial Circle suggests the possibility of outdoor events, while the Capitol Medical Center hints at potential health-related events or partnerships.\n\nBased on this data, here are some event recommendations:\n\n**Sports-focused:**\n\n* **Family Fun Run/Walk at Quezon Memorial Circle:** Catering to various age groups, this event promotes health and fitness in a fun, accessible environment.  Different race lengths can be organized for different age categories.\n* **Youth Basketball Tournament at Old Capitol Covered Court:**  Leveraging existing facilities, this event targets the younger demographic interested in sports.\n* **Sports and Wellness Fair at UP-Ayala Technohub Center:** This could include demonstrations, workshops, and talks related to various sports and healthy living, appealing to a broader audience.\n\n**Healthcare-focused:**\n\n* **Health Screening Day in partnership with Capitol Medical Center:** Offer free or discounted health check-ups and consultations to the community, promoting preventative care. This could be held at the hospital or at a community landmark for greater accessibility.\n* **Health and Wellness Seminar Series at Quezon City Hall Complex:**  Invite healthcare professionals to speak on topics relevant to the community, like nutrition, stress management, and common health concerns.\n* **First Aid and CPR Training at a community facility:** Equip community members with essential life-saving skills.\n\n**Combined Sports & Healthcare focus:**\n\n* **\"Healthy Habits\" Challenge:**  A community-wide initiative encouraging healthy lifestyle changes through fitness activities, nutritional guidance, and health education, potentially partnering with local businesses and healthcare providers.\n\nThis is a starting point.  With richer and more detailed data (including more populated community stats and user preferences), I could generate even more targeted and relevant event recommendations.\n','2025-04-02 15:20:07'),
(52,'Explain the data you are referencing','I am referencing the provided user age distribution, user interests (Sports and Health Care), community statistics (most common interests), and community facilities and landmarks to formulate event recommendations.  Specifically, I am using the age ranges and their respective populations to gauge what kind of events would be appropriate and well-attended.  The user\'s stated interests in Sports and Health Care guide the *type* of events I suggest.  Finally, the community facilities and landmarks provide potential *locations* for the events.\n\nBased on this data, here are a few event recommendations:\n\n**For Younger Demographics (1-14):**\n\n* **Kids\' Fun Run/Obstacle Course at Quezon Memorial Circle:** This caters to the high population of children aged 1-14, combining sports and outdoor activity in a large public space.  Shorter distances for different age groups can be implemented.  A health and wellness fair could be incorporated, featuring basic health checks and information booths relevant to children\'s health.\n* **Sports Clinics at Old Capitol Covered Court:**  Offer introductory clinics in popular sports like basketball, volleyball, or badminton. This leverages an existing community facility and provides a structured environment for children to learn new skills and develop an interest in sports.\n\n**For Teens and Young Adults (15-29):**\n\n* **3-on-3 Basketball Tournament at Old Capitol Covered Court:** This targets the larger teen and young adult population. This provides a competitive outlet for sports enthusiasts and encourages community engagement.\n* **Health and Wellness Fair at UP-Ayala Technohub Center:** Partner with Capitol Medical Center and local health organizations to offer free health screenings, healthy cooking demonstrations, fitness workshops, and informational sessions on topics relevant to young adults (e.g., stress management, healthy eating habits). This caters to the health care interest and leverages a modern and accessible location.\n* **\"Run for Wellness\" event at Quezon Memorial Circle:**  Organize a 5k or 10k run/walk promoting health and wellness. This caters to the sports and health interests and utilizes a popular landmark.\n\n**General Community Events (All Ages):**\n\n* **Family Health Day at Quezon City Hall Complex:**  A larger event offering health screenings, information booths, and family-friendly activities. This caters to a broad audience and utilizes a central community location.\n\n\nThese recommendations consider the provided data and aim to engage a significant portion of the community while aligning with the expressed interests and available facilities. Further refinement is possible with additional information, like budget limitations, specific age group preferences within the user base, and availability of community partners.\n','2025-04-02 15:21:33'),
(53,'Explain the data you are referencing','I am referencing the following data to formulate event recommendations:\n\n1. **User\'s Age Distribution:**  This data shows the breakdown of ages within the user group. A significant portion falls within the younger age ranges (1-29), which influences the types of events that would be suitable.\n\n2. **User\'s Interests:** The specified interests are \"Sports\" and \"Healthcare.\" This guides the selection of events related to these topics.\n\n3. **Community Stats (Most Common Interests & Sample Data):**  While the sample data provided doesn\'t offer much detail, the most common interests reinforce the user\'s stated interests in Sports and Healthcare.\n\n4. **Community Facilities and Landmarks:** This information helps determine potential venues and locations for events, considering available resources and points of interest.  The presence of Quezon Memorial Circle, a large park, suggests opportunities for outdoor activities. The Capitol Medical Center\'s presence points to potential health-related events.\n\nBased on this data, here are some event recommendations:\n\n**Sports-Related Events:**\n\n* **Family Fun Run/Walk at Quezon Memorial Circle:** Catering to a wide age range, this event promotes health and fitness in a fun, accessible way.  Different age groups could have separate starting times or distances.\n* **Youth Sports Clinics (Basketball, Volleyball, Soccer) at Old Capitol Covered Court:**  Focusing on the larger youth population, these clinics could offer basic skills training and friendly competition.\n* **\"Health & Fitness Fair\" at Quezon Memorial Circle:** This could incorporate a variety of activities like Zumba, yoga, fitness demonstrations, and health information booths.\n\n**Healthcare-Related Events:**\n\n* **Health Awareness Seminar at Quezon City Hall Complex or Capitol Medical Center:**  Topics could include healthy eating, stress management, or age-specific health concerns.  Partnering with Capitol Medical Center could provide expert speakers and resources.\n* **First Aid and CPR Training at Quezon City Hall Complex or Capitol Medical Center:**  A valuable skill for all ages, these workshops could be offered at different levels for children, teens, and adults.\n* **\"Ask a Doctor\" Session at Quezon City Hall Complex:**  This could offer free consultations or Q&A sessions with doctors from Capitol Medical Center, focusing on common health concerns.\n\n\nThese recommendations aim to be inclusive, accessible, and relevant to the provided data. Further refinement could be achieved by gathering more specific information about the user group\'s preferences within sports and healthcare, as well as budget considerations.\n','2025-04-02 15:23:42'),
(54,'Explain the data you are referencing','I am referencing the provided user\'s age distribution, their stated interests (Sports and Health Care), and available community facilities and landmarks in presumably Quezon City, Philippines, to recommend suitable events.\n\nBased on this data, I recommend the following events:\n\n**For the Younger Demographic (1-14):**\n\n* **Kids\' Sports Clinics at Quezon Memorial Circle:**  Leveraging the open space, organize introductory sports clinics focusing on fun and basic skills in sports like soccer, basketball, or volleyball.  This caters to the large population of children aged 1-14 and aligns with the \"Sports\" interest.  Partnering with local sports groups or coaches could be beneficial.\n* **Health and Wellness Fair for Families at Quezon Memorial Circle:**  Offer basic health checks, nutritional advice, and fun activities promoting healthy habits. This addresses the \"Health Care\" interest and engages families with younger children.  Collaboration with Capitol Medical Center could provide expert resources.\n\n**For Teens and Young Adults (15-29):**\n\n* **Inter-Barangay Sports Tournament (Basketball, Volleyball) at Old Capitol Covered Court:**  Organize a friendly competition for teens and young adults, capitalizing on the existing court and the significant population in this age group. This caters to the \"Sports\" interest and fosters community spirit.\n* **Fun Run/Walk for a Cause at Quezon Memorial Circle:**  A fun run or walk promoting a health-related cause (e.g., diabetes awareness, healthy heart) would appeal to the health-conscious and provide an active event for young adults. Sponsorships from local businesses and collaboration with Capitol Medical Center for pre/post-event health information could enhance the event.\n* **Health and Career Talks at UP-Ayala Technohub Center:** Focusing on health careers could attract students and young professionals interested in healthcare.  Partnering with Capitol Medical Center and related organizations can provide valuable insights into career paths in the field.\n\n**General Community Events:**\n\n* **Free Health Screenings at Quezon City Hall Complex:** Partner with Capitol Medical Center to offer free basic health screenings (blood pressure, blood sugar, etc.) accessible to the wider community.  This addresses the \"Health Care\" interest and provides a valuable service.\n\n\n**Explanation of Data Usage:**\n\n* **User\'s Age Distribution:** This data heavily influences the types of events and activities recommended, ensuring age-appropriateness and relevance.\n* **User\'s Interests (Sports, Health Care):** These interests guide the theme and focus of the suggested events.\n* **Community Facilities and Landmarks:**  These locations provide the venues for hosting the events, making them practical and accessible to the community.\n* **Community Stats (Most Common Interests):**  This reinforces the relevance of \"Sports\" and \"Health Care\" as event themes.\n\n\nThis targeted approach ensures that the recommended events are tailored to the specific demographics and resources available within the community. This is a starting point, and further refinement can be made with additional user input and data.\n','2025-04-02 15:24:01'),
(55,'Create a plan based on the data','AI Recommendation:\n\nGiven the user\'s interest in Sports and Healthcare, the age distribution skewed towards younger individuals, and the available community facilities, I recommend the following events:\n\n**Sports Focused:**\n\n* **Kids\' Sports Day at Quezon Memorial Circle:**  This event caters to the large population of children aged 1-14.  Activities could include age-appropriate variations of popular sports like basketball, soccer, and track and field.  The open space of the Circle provides ample room for diverse activities.  Consider incorporating fun elements like obstacle courses and relay races.\n* **Teen/Young Adult Sports Tournament (UP-Ayala Technohub Center or Old Capitol Covered Court):**  Focusing on the 15-29 age group, this could be a tournament format for sports like basketball, volleyball, or badminton.  The Technohub or Covered Court offer suitable venues.  Consider adding a health and wellness expo alongside the tournament, incorporating health screenings and information booths.\n* **Family Fun Run/Walk at Quezon Memorial Circle:** This event promotes health and wellness for all ages, including families with young children.  A shorter, less competitive fun run/walk fosters community engagement and encourages healthy habits.\n\n**Health Care Focused:**\n\n* **Health Fair at Quezon Memorial Circle:** Partnering with Capitol Medical Center, this event can offer free health screenings (blood pressure, cholesterol, etc.), educational workshops on healthy living, and information booths on various health topics relevant to all age groups.\n* **First Aid and CPR Training (Quezon City Hall Complex or Community Centers):**  Offer certified first aid and CPR training sessions for different age groups (separate sessions for teens/adults and parents focusing on child-specific needs).  This promotes community preparedness and empowers individuals with valuable life skills.\n* **Healthy Eating and Cooking Demonstrations (Quezon City Hall Complex or Community Centers):**  Organize workshops and demonstrations focusing on preparing nutritious meals on a budget, catering to families and young adults.\n\n**Combined Sports & Healthcare:**\n\n* **\"Sports Injury Prevention and Recovery\" Workshop (UP-Ayala Technohub Center or Community Centers):** Targeting the active age groups (15-29), this workshop can be led by physiotherapists or sports medicine professionals, covering topics like proper warm-up techniques, injury prevention strategies, and basic recovery exercises.\n\n**Key Considerations:**\n\n* **Partnerships:** Collaborate with local businesses, health organizations, and sports clubs for sponsorship, expertise, and community outreach.  Capitol Medical Center is a key potential partner for healthcare-related events.\n* **Marketing and Promotion:** Utilize social media, local community channels, and partnerships to effectively reach the target audience.\n* **Accessibility:** Ensure all events are accessible to individuals with disabilities.\n* **Budget:**  Develop a realistic budget that accounts for venue rentals, equipment, supplies, marketing, and staffing.\n\n\nBy implementing these recommendations, you can create engaging and impactful events that cater to the community\'s interests and leverage existing facilities.  Remember to gather feedback after each event to continuously improve future offerings.\n','2025-04-02 15:24:23'),
(56,'Explain the data you are referencing','I am referencing the provided user age distribution, user interests (Sports and Health Care), community statistics (most common interests, sample data which isn\'t very informative in this case), and community facilities and landmarks.  Specifically, I\'m using the age ranges and the combination of \"Sports\" and \"Health Care\" interests to formulate recommendations relevant to the user base and available resources.  The community facilities like the Quezon Memorial Circle and Old Capitol Covered Court suggest potential venues for sports events. The presence of Capitol Medical Center informs the potential for health-related event partnerships or educational opportunities.\n\n\nAI Recommendation:\n\nConsidering the user\'s interests and the available community facilities, I recommend the following events:\n\n**Sports & Fitness Focused:**\n\n* **Family Fun Run/Walk at Quezon Memorial Circle:** This caters to a wide age range, promoting health and fitness in a fun, accessible way.  Different age group categories and distances can be incorporated.  Potential sponsorships from local businesses and health organizations (perhaps even tied to Capitol Medical Center for pre/post-race health checks) could be explored.\n* **Youth Sports Clinics (Basketball, Volleyball, etc.) at Old Capitol Covered Court:**  Targeting the significant youth population (5-19 age group), these clinics could offer skill development and promote active lifestyles.  Partnering with local sports clubs or university athletic programs could provide experienced coaching.\n* **\"Fitness in the Park\" series at Quezon Memorial Circle:** Weekly or monthly fitness classes (yoga, Zumba, aerobics) open to all ages and fitness levels. This utilizes the park\'s space and encourages community involvement.\n\n**Health & Wellness Focused:**\n\n* **Health Fair at Quezon City Hall Complex:**  Partnering with Capitol Medical Center, this event could offer free health screenings, educational talks on healthy living, and demonstrations related to nutrition and exercise. This aligns directly with the \"Health Care\" interest.\n* **\"Healthy Habits for Kids\" workshop at a local community center:**  Focusing on the younger age groups (1-14), this workshop could educate children about healthy eating, exercise, and overall well-being in an engaging and interactive format.\n* **First Aid and CPR training at Capitol Medical Center or Quezon City Hall:**  A valuable skill for all ages, this training could be offered in collaboration with certified professionals, providing a direct connection to the healthcare interest and utilizing local resources.\n\nThese recommendations leverage the provided data to create events that are relevant, accessible, and cater to a broad range of age groups and interests within the community.  Further refinement could involve surveys or direct feedback from the community to gauge specific preferences and needs.\n','2025-04-02 15:35:12'),
(57,'Explain the data you are referencing','I am referencing the provided user age distribution, user interests (Sports and Health Care), community statistics (most common interests and sample data), and community facilities and landmarks (including healthcare facilities and open spaces).  I combine this data to recommend events tailored to the community\'s demographics and available resources.\n\nAI Recommendation:\n\nGiven the user\'s interest in Sports and Healthcare, combined with the age distribution heavily skewed towards younger individuals, I recommend the following events:\n\n**1. Family Fun Day & Health Fair at Quezon Memorial Circle:** This event targets families with younger children (ages 1-14, the largest demographic represented) and combines sports and healthcare.  Activities could include:\n\n* **Sports:** Kids\' races and obstacle courses, parent-child sports activities (e.g., three-legged races, sack races), sports demonstrations (e.g., basketball free throws, volleyball), frisbee or kite flying.\n* **Healthcare:**  Free health screenings (blood pressure, blood sugar), healthy eating workshops, information booths from local health providers like Capitol Medical Center, first aid demonstrations.\n\n**2. Teen Sports Tournament at Old Capitol Covered Court:** This event focuses on the 15-19 age group\'s interest in sports.  Consider organizing basketball, volleyball, or badminton tournaments.  This could also incorporate a small health fair focused on sports injuries and nutrition for young athletes.\n\n**3. Young Adult Wellness Weekend at UP-Ayala Technohub Center:** This event targets the 20-29 age group. This could be a weekend event with activities like:\n\n* **Sports:** Yoga and fitness classes, a fun run/walk, a sports-themed scavenger hunt around the Technohub.\n* **Healthcare:**  Mental health workshops, healthy cooking demonstrations, health talks focused on stress management and healthy living for young professionals.\n\n**4. \"Healthy Habits Start Young\" School Program:**  Partner with local schools to provide age-appropriate health and sports education.  This could involve short sports clinics, nutrition talks, and health screenings.\n\n**Justification:**\n\nThese events leverage existing community facilities like Quezon Memorial Circle, the Old Capitol Covered Court, and the UP-Ayala Technohub Center.  They cater to the significant youth population while addressing the stated interests in sports and healthcare.  By combining these elements, the events aim to be engaging, informative, and promote a healthy lifestyle within the community.  Additionally, by partnering with Capitol Medical Center, these events can tap into existing healthcare resources and expertise.\n','2025-04-02 15:35:31'),
(58,'Explain the data you are referencing','I am referencing the provided user demographics (age distribution and interests), community statistics (most common interests), and available community facilities and landmarks to recommend relevant and engaging events.  Specifically, I\'m using the following data points:\n\n* **User\'s Age Distribution:**  This tells me the predominant age groups within the user base.  For example, a significant portion falls between the ages of 1 and 29. This helps tailor event suggestions to the appropriate age ranges.\n* **User\'s Interests:**  Knowing the user is interested in \"Sports\" and \"Health Care\" allows me to prioritize events related to these topics.\n* **Community Stats:** While the provided community stats are limited, they confirm that \"Sports\" and \"Health Care\" are relevant interests within the community.  The sample data is too sparse to provide meaningful insights.\n* **Community Facilities and Landmarks:**  This data provides potential venues for events.  Knowing about places like the Quezon Memorial Circle, Old Capitol Covered Court, and Capitol Medical Center gives me locations to suggest for hosting events.\n\n\nAI Recommendation:\n\nConsidering the provided data, here are a few event recommendations:\n\n1. **Family Fun Run/Walk at Quezon Memorial Circle:** This caters to a wide age range, promoting both health and fitness in a fun, accessible way.  The Quezon Memorial Circle provides ample space and a family-friendly atmosphere.  Different age groups could have different route lengths or start times.  This could be tied in with health information booths and basic health checks, appealing to the \"Health Care\" interest.\n\n2. **Youth Basketball Tournament at Old Capitol Covered Court:**  Targeting the 10-19 age group, this leverages the \"Sports\" interest and utilizes existing community facilities.  It could be structured as a series of games over a weekend.\n\n3. **Health and Wellness Fair at UP-Ayala Technohub Center:** This could feature booths from local health providers (potentially partnering with Capitol Medical Center), offer free health screenings, provide healthy food options, and host workshops or talks on relevant health topics.  This caters to both the \"Health Care\" interest and provides value to a broader audience.\n\n4. **\"Lunch and Learn\" Health Seminars at Quezon City Hall Complex:**  These could be shorter, lunchtime events featuring speakers on various health topics, catering to working professionals in the area and aligning with the \"Health Care\" interest.\n\nThese are just a few initial ideas.  To provide more tailored recommendations, additional data would be helpful, such as:\n\n* **More detailed community stats:**  Including specific interest breakdowns within age groups, popular local sports, existing community health programs, etc.\n* **Budget information:**  Knowing the budget available for events will help determine the scale and scope of activities.\n* **User feedback:**  Surveying users on their preferred event types and schedules would ensure higher engagement.\n* **Availability of community facilities:**  Confirmation of availability and booking procedures for specific venues.\n','2025-04-02 15:37:06'),
(59,'Explain the data you are referencing','I am referencing the provided user age distribution, user interests (Sports and Health Care), community statistics (most common interests and sample data), and available community facilities and landmarks to formulate event recommendations.  Specifically, I\'m looking at the high percentage of young people in the area and combining that with the stated interest in Sports and Health Care.\n\nHere are a few event recommendations:\n\n**For the Younger Demographic (1-14):**\n\n* **Kids\' Fun Run/Obstacle Course at Quezon Memorial Circle:** This leverages the large open space and promotes physical activity.  Different age groups could have different course lengths and difficulties.  Partnering with Capitol Medical Center could provide a health and wellness booth for parents, promoting healthy habits from a young age.\n* **Sports Clinics at Old Capitol Covered Court:**  Offer introductory clinics in popular sports like basketball, volleyball, or badminton. This caters to the \"Sports\" interest and provides a structured learning environment for kids.\n* **Health and Wellness Fair at Quezon City Hall Complex:** This could include interactive booths teaching kids about healthy eating, basic first aid, and the importance of hygiene.  This aligns with the \"Health Care\" interest and can involve local healthcare professionals.\n\n**For Teenagers and Young Adults (15-29):**\n\n* **3-on-3 Basketball Tournament at Old Capitol Covered Court:** This targets the older age group\'s likely interest in competitive sports.\n* **Fitness Bootcamp at Quezon Memorial Circle:** Leverage the outdoor space for a high-energy fitness event, potentially partnering with local fitness instructors. This caters to both \"Sports\" and \"Health Care\" interests.\n* **Young Adult Health Seminar at UP-Ayala Technohub Center:**  Focus on relevant health topics for this age group, such as stress management, healthy relationships, and responsible decision-making regarding health.  The Technohub provides a modern and accessible venue.\n\n**General Community Events:**\n\n* **Health Awareness Walk/Run at Quezon Memorial Circle:** This event could involve all age groups and promote health and wellness for the entire community.  Sponsorships from local businesses could be sought, and Capitol Medical Center could be involved in providing health screenings or information booths.\n\n\nThese recommendations consider the available facilities, the user\'s stated interests, and the community\'s demographic makeup.  By offering a mix of activities targeting different age groups and interests, we can maximize community engagement and create successful events.\n','2025-04-02 15:48:00'),
(60,'Explain the data you are referencing','I am referencing the following data to formulate event recommendations:\n\n* **User\'s Age Distribution:** This data shows the breakdown of ages within the user group.  A significant portion falls within the younger age ranges (1-29), which influences the types of events that might be suitable.\n* **User\'s Interests:** The stated interests are \"Sports\" and \"Health Care.\"  This provides a clear direction for relevant event themes.\n* **Community Stats:** While the provided community stats are limited (\"Sports\" and \"Health Care\" are equally top interests), they reinforce the alignment with user interests.  The sample data doesn\'t offer much insight due to missing tag information.\n* **Community Facilities and Landmarks:**  This data provides potential venues and tie-in opportunities for events.  The presence of Quezon Memorial Circle, a large park, suggests possibilities for outdoor activities.  The Old Capitol Covered Court offers a space for indoor sports.  The proximity of Capitol Medical Center could be leveraged for health-related events.\n\nBased on this information, I recommend the following events:\n\n\n**Sports-focused:**\n\n* **Family Fun Day at Quezon Memorial Circle:**  This event can cater to the various age groups with activities like a kids\' fun run, frisbee, volleyball, and basketball tournaments for older participants.  Food stalls and health information booths can be incorporated.\n* **3-on-3 Basketball Tournament at the Old Capitol Covered Court:**  Targeting the teenage and young adult age groups, this tournament can be combined with health screenings and workshops on sports injury prevention, nutrition, and first aid.\n* **Yoga in the Park (Quezon Memorial Circle):**  This caters to the health and wellness aspect, appealing to a broader age range.  Partnerships with local yoga instructors and health food vendors can enhance the event.\n\n\n**Health Care-focused:**\n\n* **Health Fair at Quezon Memorial Circle:**  This event can feature free health screenings (blood pressure, blood sugar, cholesterol), health talks by doctors from Capitol Medical Center, and booths promoting healthy lifestyles.  Include family-friendly activities to engage younger attendees.\n* **\"Walk for Wellness\" Fundraiser:**  Organized at Quezon Memorial Circle, this event promotes physical activity while raising funds for a health-related cause.  Different age groups can participate in various walk distances.\n* **First Aid and CPR Training:** Hosted potentially at the Old Capitol Covered Court or a community center, this event provides valuable life-saving skills relevant to all ages.  Partnerships with Capitol Medical Center or local Red Cross chapters could be beneficial.\n\n\n**Combined Sports and Health Care:**\n\n* **Sports Injury Prevention Workshop:** This workshop, held at the Old Capitol Covered Court or a similar venue, educates participants on proper warm-up techniques, injury prevention strategies, and basic first aid for sports-related injuries.  Experts from Capitol Medical Center could be invited to speak.\n\n\n\nThese are just initial suggestions. Further refinement can be made by gathering more specific data about the user group\'s preferences, available budget, and partnerships with local businesses and organizations.\n','2025-04-02 15:48:52'),
(61,'Explain the data you are referencing','I am referencing the provided user age distribution, user interests (Sports and Health Care), community statistics (including common interests), and available community facilities and landmarks to formulate event recommendations.  Specifically, I\'m looking at the high percentage of young people and the intersection of \"Sports\" and \"Health Care\" as guiding principles.\n\nAI Recommendation:\n\n**1. Family Fun Fitness Day at Quezon Memorial Circle:**\n\n* **Target Audience:** Families with children of all ages, focusing on the high population of those under 14.\n* **Activities:**  A mix of sports activities like kids\' races, obstacle courses tailored to different age groups, parent-child yoga or Zumba sessions, and basic health screenings (blood pressure, BMI).  Food vendors can offer healthy options.\n* **Rationale:** Leverages the large open space of Quezon Memorial Circle, caters to the prominent younger age groups, and combines \"Sports\" and \"Health Care\" in a family-friendly format.\n\n**2. Teen Health & Sports Fair at UP-Ayala Technohub Center:**\n\n* **Target Audience:** Teenagers and young adults (15-24 age group).\n* **Activities:**  Sports tournaments (basketball, volleyball), fitness workshops (strength training, nutrition), booths providing information on sexual health, mental health, and substance abuse prevention, demonstrations of first aid and CPR by professionals from Capitol Medical Center.\n* **Rationale:**  Appeals to the significant 15-24 demographic, connects \"Sports\" with health awareness relevant to that age group, and utilizes a modern venue.\n\n**3.  \"Healthy Habits for Little Ones\" Workshop Series at Old Capitol Covered Court:**\n\n* **Target Audience:** Parents and caregivers of children under 10.\n* **Activities:** A series of workshops focusing on healthy eating habits, age-appropriate exercise routines, and basic first aid for children.  Partnerships with local health professionals or nutritionists could enhance the program.\n* **Rationale:** Addresses the high percentage of young children in the community, promotes \"Health Care\" focused on early childhood development, and provides a covered venue suitable for smaller group activities.\n\n\n**4. Community Health & Wellness Expo at Quezon City Hall Complex:**\n\n* **Target Audience:**  Broad community reach, all age groups.\n* **Activities:**  Health screenings provided by Capitol Medical Center, healthy cooking demonstrations, presentations on managing chronic diseases, fitness classes for different age groups and abilities, information booths from local health organizations.\n* **Rationale:** Offers a comprehensive approach to health and wellness, potentially drawing a large and diverse audience, and utilizes the prominent city hall location.\n\nThese are just a few ideas, and further refinement is possible based on more specific community feedback and budget considerations.  For example, partnering with local sports clubs, schools, or health organizations could provide resources and expertise.  Gathering data on specific interests within \"Sports\" and \"Health Care\" would further enhance the tailoring of these events.\n','2025-04-02 15:50:18'),
(62,'Explain the data you are referencing, You don\'t have to give a recommendation','I am referencing the provided user age distribution, which shows a young population with the largest groups being between 20-29 and 1-9 years old.  The user\'s stated interests are Sports and Health Care.  The community stats reinforce these interests, although the \"most common interests\" data seems incomplete or potentially placeholder information.  The sample data also appears to be placeholder and isn\'t informative.  Finally, I am considering the available community facilities and landmarks, which include spaces suitable for sporting events (Quezon Memorial Circle, Old Capitol Covered Court) and a major medical center (Capitol Medical Center).  I am *not* providing an event recommendation at this time as requested by the user.\n','2025-04-02 15:51:14'),
(63,'Explain the data you are referencing','I am referencing the provided user age distribution, user interests (Sports and Health Care), community statistics (most common interests, sample data which isn\'t very informative in this case), and available community facilities and landmarks.  I\'m using this data to tailor event recommendations that would likely appeal to the represented demographic and utilize available resources.\n\n\nAI Recommendation:\n\nConsidering the age distribution heavily skewed towards younger individuals and the interests in Sports and Healthcare, I recommend the following events:\n\n**1. Family Fun & Fitness Day at Quezon Memorial Circle:**\n\n* **Target Audience:** Families with children of all ages.\n* **Activities:**  Organized sports activities like relay races, frisbee, and a kids\' obstacle course within Quezon Memorial Circle.  Health information booths promoting healthy eating habits and active lifestyles can be incorporated. Partnering with Capitol Medical Center could provide free basic health screenings (blood pressure, BMI).\n* **Rationale:** Leverages the large open space of Quezon Memorial Circle, caters to a broad age range with family-friendly activities, and addresses both Sports and Healthcare interests.\n\n**2. Teen Sports Tournament at the Old Capitol Covered Court:**\n\n* **Target Audience:** Teenagers aged 13-19.\n* **Activities:** Basketball, volleyball, or other popular sports tournaments.  Incorporate workshops on sports injury prevention and healthy training habits, potentially led by local athletes or healthcare professionals from Capitol Medical Center.\n* **Rationale:** Caters specifically to the teen demographic\'s interest in Sports, utilizes an existing sports facility, and incorporates a Healthcare aspect.\n\n**3. Young Adult Health & Wellness Fair at UP-Ayala Technohub Center:**\n\n* **Target Audience:** Young adults aged 20-29.\n* **Activities:**  Focus on topics relevant to this age group, like stress management, healthy eating on a budget, and career-related wellness. Include fitness classes (yoga, Zumba), health screenings, and information booths from health food vendors and Capitol Medical Center.\n* **Rationale:** Addresses the Healthcare interest for a specific demographic, provides practical and relevant information, and utilizes a modern and accessible venue.\n\n**4. \"Health Heroes\" Community Run/Walk at Quezon Memorial Circle:**\n\n* **Target Audience:** All ages.\n* **Activities:**  Organize a fun run/walk to raise awareness about a specific health issue.  Include family-friendly activities, health information booths, and possibly a small fundraising element for Capitol Medical Center or a related charity.\n* **Rationale:** Promotes physical activity and health awareness for all ages, creates a sense of community, and potentially benefits a local healthcare institution.\n\n\nThese recommendations aim to be diverse, engaging, and tailored to the provided data.  Further refinement is possible with more specific user preferences and community resource information.\n','2025-04-02 15:51:46'),
(64,'Explain the data you are referencing','I am referencing the following data to formulate event recommendations:\n\n1. **User\'s Age Distribution:** This data shows the breakdown of ages within the user group.  A significant portion falls within the younger age ranges (1-29), which influences the types of events that might be appealing.\n\n2. **User\'s Interests:** The stated interests are \"Sports\" and \"Health Care.\" This provides a clear direction for event themes and activities.\n\n3. **Community Stats (Most Common Interests & Sample Data):**  While the \"Most Common Interests\" mirrors the user\'s interests, the \"Sample Data\" provided doesn\'t offer substantial insights as the tags are empty. Ideally, this data would contain more detailed information about community members\' interests and activities.\n\n4. **Age Group Distribution:** This is a reiteration of the User\'s Age Distribution, providing the same information about the age demographics.\n\n5. **Community Facilities and Landmarks:** This data provides potential venues and locations for events.  The presence of Quezon Memorial Circle, a large park, suggests opportunities for outdoor activities.  The Capitol Medical Center\'s presence could be leveraged for health-related events.\n\nBased on this data, here are some event recommendations:\n\n**Sports-focused:**\n\n* **Family Fun Run/Walk at Quezon Memorial Circle:**  Caters to a wide age range, promoting health and fitness in a fun, accessible environment.  Could incorporate age-specific race categories.\n* **Youth Sports Clinics (Basketball, Volleyball, Soccer) at Old Capitol Covered Court:** Targeted towards the younger demographics (5-19), these clinics could focus on skill development and promote active lifestyles.\n* **\"Fitness in the Park\" series at Quezon Memorial Circle:** Offering a variety of fitness classes like Zumba, Yoga, or Tai Chi, appealing to different age groups and fitness levels.\n\n\n**Health Care-focused:**\n\n* **Health Fair at Quezon City Hall Complex or UP-Ayala Technohub Center:**  Partnering with Capitol Medical Center, this event could offer free health screenings, educational workshops on healthy living, and information booths on various health topics.\n* **First Aid & CPR Training at a community facility:** Provides valuable life skills for all ages, promoting community health and preparedness.\n* **\"Healthy Eating on a Budget\" workshop series:** Addresses practical health concerns, particularly relevant in the current economic climate. Could be hosted at community centers or even online.\n\n\n**Combined Sports & Health Care:**\n\n* **\"Healthy Habits Challenge\" community-wide program:** Encourage healthy lifestyle changes through a points-based system for participating in various activities (e.g., fitness classes, healthy meal preparation workshops, health check-ups).\n* **Sports Injury Prevention Workshop at Old Capitol Covered Court:**  Led by professionals from Capitol Medical Center, this workshop would educate young athletes on proper warm-up techniques, injury prevention strategies, and basic first aid for sports injuries.\n\nThese recommendations consider the user\'s interests, the age distribution within the community, and available facilities. To further refine these recommendations, additional data, such as specific interests within \"Sports\" and \"Health Care,\" budgetary constraints, and preferred event formats, would be beneficial.  Also, more information from the \"Sample Data\" would provide a more granular understanding of community needs and preferences.\n','2025-04-02 15:52:14'),
(65,'Explain the data you are referencing','I am referencing the following data to recommend events:\n\n1. **User\'s Age Distribution:** This data shows the age breakdown of the users, indicating a significant portion of younger individuals and young adults.  This helps me tailor events appropriate for these age groups.\n\n2. **User\'s Interests:** The specified interests are \"Sports\" and \"Healthcare.\"  This narrows down the types of events that would likely be engaging.\n\n3. **Community Stats:** While the \"Most Common Interests\" mirrors the user\'s interests, the \"Sample Data\" provided seems incomplete (empty tags) and doesn\'t offer much actionable information.  I am primarily relying on the explicit interests provided by the user.\n\n4. **Age Group Distribution:** This is a reiteration of the user\'s age distribution, reinforcing the focus on younger demographics.\n\n5. **Community Facilities and Landmarks:** This information gives me locations to consider for hosting events.  The presence of Quezon Memorial Circle, the Old Capitol Covered Court, and Capitol Medical Center provides options for sporty, community-based, and health-focused events.\n\n\nAI Recommendation:\n\nConsidering the data, I recommend the following events:\n\n* **Family Fun Run/Walk at Quezon Memorial Circle:** This caters to various age groups, promotes health and fitness, and utilizes a prominent community landmark.  Different age categories and distances can be incorporated.  Partnering with Capitol Medical Center for pre- and post-run health checks or educational booths adds a healthcare element.\n\n* **Youth Sports Clinics at the Old Capitol Covered Court:** Focusing on popular sports like basketball or volleyball, these clinics can cater to the younger demographic.  Sessions can be organized by age group and skill level.\n\n* **Health Awareness Fair at UP-Ayala Technohub Center:**  This event can target young adults (high concentration in 20-29 age group) with information booths on healthy lifestyles, disease prevention, and mental wellness.  Collaboration with Capitol Medical Center can bring in medical professionals for talks and consultations.  The Technohub\'s modern setting can attract this demographic.\n\n* **\"Healthy Habits for Kids\" Workshop at Quezon City Hall Complex:** Targeting parents and children (age groups 1-14), this workshop can focus on nutrition, exercise, and overall well-being.  This utilizes a central community location.\n\n\nThese recommendations aim to leverage the provided data and community resources to offer engaging and relevant events.  Further refinement is possible with more complete community data and specific user preferences.\n','2025-04-02 15:52:48'),
(66,'Explain the data you are referencing','I am referencing the provided user age distribution, user interests (Sports and Health Care), community statistics (including common interests), and available community facilities and landmarks to formulate event recommendations.  Specifically, I\'m looking at the high percentage of young people in the community combined with the stated interest in Sports and Healthcare.\n\nAI Recommendation:\n\nConsidering the provided data, here are a few event recommendations:\n\n**1. Family Fun Day & Health Fair at Quezon Memorial Circle:**\n\n* **Target Audience:** Families with children of all ages, young adults.\n* **Activities:**  Organize sports activities like relay races, frisbee, and basketball for different age groups. Incorporate a health fair with booths offering free health screenings (blood pressure, BMI), healthy eating tips, and information on local healthcare resources (highlighting Capitol Medical Center). This leverages the large open space of Quezon Memorial Circle.\n* **Tie-in with Interests:** Addresses both Sports and Healthcare interests.\n\n**2. Youth Sports Tournament at Old Capitol Covered Court:**\n\n* **Target Audience:**  Youth aged 10-19, potentially expanding to include young adults (20-24).\n* **Activities:**  Host a basketball or volleyball tournament at the Old Capitol Covered Court.  Could also include other sports like badminton or table tennis if space allows.\n* **Tie-in with Interests:** Directly addresses the Sports interest and caters to a significant portion of the population.\n\n**3. Health & Wellness Workshop Series at UP-Ayala Technohub Center:**\n\n* **Target Audience:** Young adults (20-29) and potentially older community members interested in health.\n* **Activities:**  Organize a series of workshops focused on topics like stress management, healthy eating habits, and basic first aid/CPR training.  Partner with Capitol Medical Center to provide expert speakers and resources.  UP-Ayala Technohub offers a modern and accessible venue.\n* **Tie-in with Interests:**  Directly addresses the Healthcare interest and targets a specific demographic within the community.\n\n**4. \"Run for Health\" Fun Run at Quezon Memorial Circle:**\n\n* **Target Audience:**  Open to all ages and fitness levels.\n* **Activities:**  Organize a fun run/walk event to promote healthy living. Include different distance options to cater to varying abilities.  Partner with local businesses for sponsorship and offer healthy snacks and drinks at the finish line.  Promote health awareness and screenings during the event.\n* **Tie-in with Interests:** Combines Sports and Healthcare in a community-wide activity.\n\n\nThese recommendations leverage the existing community facilities and aim to cater to the demographic distribution and expressed interests.  Further refinement of these events can be done by gathering more specific data on user preferences within \"Sports\" and \"Healthcare.\" For instance, what *types* of sports are most popular? Are there specific health concerns within the community?\n','2025-04-02 15:54:53'),
(67,'Explain the data you are referencing','I am referencing the provided user age distribution, user interests (Sports and Health Care), community statistics (most common interests and sample data), and available community facilities and landmarks to formulate event recommendations.  Specifically, I\'m looking at the high percentage of children and young adults in the provided age demographics and combining that with the stated interest in Sports and Health Care.  The available facilities like the Quezon Memorial Circle, Old Capitol Covered Court, and the presence of Capitol Medical Center also inform my suggestions.\n\n\nAI Recommendation:\n\n**1. Family Fun Day & Health Fair at Quezon Memorial Circle:**\n\n* **Target Audience:**  Families with children of all ages, young adults.\n* **Activities:**  Organized sports activities (basketball, volleyball, fun runs for different age groups), health screenings (blood pressure, blood sugar, BMI) provided in partnership with Capitol Medical Center, healthy food stalls, and family-friendly entertainment. This caters to both the \"Sports\" and \"Health Care\" interests while leveraging the open space of Quezon Memorial Circle.\n* **Potential Sponsors:**  Local businesses, health food companies, Capitol Medical Center.\n\n**2. Youth Sports Tournament at Old Capitol Covered Court:**\n\n* **Target Audience:**  Youth aged 10-19.\n* **Activities:** Basketball, volleyball, or other indoor sports tournaments.  This focuses on the \"Sports\" interest and utilizes the existing Old Capitol Covered Court.\n* **Potential Sponsors:** Sporting goods stores, local businesses.\n\n**3. Health Awareness Campaign in partnership with Capitol Medical Center:**\n\n* **Target Audience:**  Broad community reach, with a focus on preventative health for families and young adults.\n* **Activities:**  Workshops on healthy eating, stress management, and first aid, potentially hosted at Quezon City Hall Complex or UP-Ayala Technohub Center. This caters to the \"Health Care\" interest and leverages the expertise of Capitol Medical Center.\n* **Potential Sponsors:** Capitol Medical Center, pharmaceutical companies, health insurance providers.\n\n**4. \"Active Aging\" Program at Quezon Memorial Circle:**\n\n* **Target Audience:** While not heavily represented in the provided data, offering activities for older age groups promotes inclusivity.\n* **Activities:** Low-impact exercise classes (yoga, Tai Chi) and health talks tailored for senior citizens. This addresses the \"Health Care\" interest and utilizes the Quezon Memorial Circle\'s accessibility.\n* **Potential Sponsors:**  Senior care facilities, health insurance providers.\n\n\nThese recommendations consider the provided data to suggest relevant and engaging events for the community.  Further tailoring can be achieved with more detailed information on community needs, budget constraints, and available resources.\n','2025-04-02 15:56:16'),
(68,'Explain the data you are referencing','AI Recommendation:\n\nGiven the user\'s interest in mental health and basketball, combined with the community demographics and available facilities, I recommend the following events:\n\n**1. Youth Basketball Clinic with Mental Wellness Integration:**\n\n* **Target Audience:** Children and teenagers (ages 5-19).  This age group represents a significant portion of the community and aligns with the user\'s interest in basketball.\n* **Location:** Old Capitol Covered Court. This provides a readily available and suitable space for a basketball clinic.\n* **Event Details:**  The clinic could combine basketball drills and skill development with short sessions focusing on mental wellness topics relevant to young people, such as stress management, building self-esteem, and teamwork.  Partnering with a local mental health professional or organization like the Capitol Medical Center (CMCI) could add credibility and expertise.\n* **Justification:** This event addresses both of the user\'s interests, caters to a large segment of the community, and utilizes existing facilities.\n\n**2. \"Mindfulness on the Court\" Basketball Tournament:**\n\n* **Target Audience:** Young adults (ages 20-29). This demographic is the largest represented in the provided data and likely includes the user.\n* **Location:** Old Capitol Covered Court.\n* **Event Details:** A 3-on-3 basketball tournament with a focus on mindfulness and sportsmanship.  Pre-game mindfulness exercises could be incorporated, and referees could emphasize fair play and positive communication.  Information booths on mental health resources could also be set up.\n* **Justification:**  Combines the user\'s interests in a competitive yet mindful environment, appealing to the largest age group in the community.\n\n**3. Mental Health Awareness Walk/Run in Quezon Memorial Circle:**\n\n* **Target Audience:** Open to all ages.\n* **Location:** Quezon Memorial Circle.  This landmark provides ample space and visibility for the event.\n* **Event Details:** Organize a walk/run to raise awareness for mental health.  Include informational booths, speakers sharing personal stories, and resources from local mental health organizations like CMCI.  Consider adding a basketball free-throw challenge or other related activities to tie in the user\'s other interest.\n* **Justification:** Addresses the user\'s interest in mental health, engages the broader community, and leverages a prominent local landmark.\n\n**Explanation of Data Referenced:**\n\nI am using the provided user\'s age distribution, their stated interests (mental health and basketball), and the community facilities and demographics (including the common interests and age group distribution) to formulate these recommendations.  The availability of the Old Capitol Covered Court suggests a focus on basketball, while the presence of Capitol Medical Center provides a potential resource for mental health aspects.  The age distribution data informs the target audience for each event, aiming for maximum community engagement and relevance to the user\'s profile.  The Quezon Memorial Circle is chosen as a venue due to its central location and suitability for large-scale events.\n','2025-04-02 16:54:21'),
(69,'Recommend events based on available data','AI Recommendation:\n\nConsidering the user\'s interest in mental health and basketball, combined with the community demographics and available facilities, I recommend the following events:\n\n**1. Youth Basketball Clinic & Mental Wellness Workshop:**\n\n* **Target Audience:** Children and teenagers (5-19 years old), potentially expanding to include young adults (20-24). This age group represents a significant portion of the community and aligns with the user\'s basketball interest.\n* **Location:** Old Capitol Covered Court. This provides a readily available and suitable space for the basketball clinic.\n* **Activities:**  A basketball clinic focusing on skill development and teamwork, followed by a short, age-appropriate workshop on mental wellness topics like stress management, building resilience, and positive self-talk.  Partnering with the Capitol Medical Center could provide qualified professionals to lead the mental wellness segment.\n* **Benefits:** Addresses both user interests, caters to a large segment of the community, and promotes physical and mental well-being.\n\n**2. \"Mindful Hoops\" Open Play & Discussion:**\n\n* **Target Audience:** Young adults (20-29 years old), aligning with the user\'s age range and the higher population in this bracket.\n* **Location:** Old Capitol Covered Court or Quezon Memorial Circle (if outdoor courts are available).\n* **Activities:** Organized open play basketball sessions followed by informal discussions on mental health topics.  This creates a casual and social environment for individuals to connect and share experiences.  Guest speakers or facilitators with expertise in mental health could be invited.\n* **Benefits:** Combines physical activity with peer support and mental health awareness in a less structured setting.\n\n**3. Mental Health Awareness Walk/Run in Quezon Memorial Circle:**\n\n* **Target Audience:** All ages. This event can be designed to be inclusive of families and individuals across the age spectrum represented in the community.\n* **Location:** Quezon Memorial Circle, leveraging its accessibility and popularity as a community gathering space.\n* **Activities:** A walk/run event to raise awareness about mental health.  Information booths, resource materials, and short talks by mental health professionals can be included.\n* **Benefits:**  Promotes mental health awareness within the wider community, creates an opportunity for education and resource sharing, and encourages physical activity.\n\n\n**Further Considerations:**\n\n* **Partnerships:** Collaborating with local organizations, schools, or the Capitol Medical Center can enhance the events and ensure access to expertise and resources.\n* **Promotion:** Utilizing social media and community channels will be crucial for reaching the target audience.\n* **Feedback:** Gathering feedback from participants can inform future events and tailor them to the community\'s needs.\n\nBy implementing these events, the community can foster a supportive environment that promotes both physical and mental well-being.\n','2025-04-02 16:55:08'),
(70,'Recommend events based on available data, Show me the tags you have and the average of it','AI Recommendation:\n\nGiven the user\'s interest in mental health and basketball, combined with the available community facilities and the age distribution heavily skewed towards younger individuals, I recommend the following events:\n\n**1. Youth Basketball Clinic & Mental Wellness Workshop:**\n\n* **Location:** Old Capitol Covered Court\n* **Target Audience:** Ages 10-19 (adaptable for younger participants with parent/guardian involvement)\n* **Description:** Combine a fun basketball clinic with sessions on mental wellness tailored for young people.  This could involve discussions on stress management, building resilience, and the importance of teamwork and positive self-talk.  Partnering with Capitol Medical Center could provide expert speakers or resources.\n* **Tags:**  `Basketball`, `Mental Health`, `Youth`, `Sports`, `Wellness`, `Community`\n* **Justification:** Directly addresses user interests, utilizes available facilities, and caters to a significant portion of the community\'s age demographics.\n\n**2. \"Mindful Movement\" Series:**\n\n* **Location:** Quezon Memorial Circle or UP-Ayala Technohub Center (outdoor spaces)\n* **Target Audience:** All ages (with modifications for different age groups)\n* **Description:** Organize a series of free or low-cost events focused on physical activity combined with mindfulness practices.  This could include yoga, tai chi, guided meditation walks, or even basketball drills with a focus on mindful movement and stress reduction.\n* **Tags:** `Mental Health`, `Fitness`, `Wellness`, `Community`, `All Ages`, `Outdoors`\n* **Justification:** Broad appeal, promotes both physical and mental well-being, utilizes free community spaces, and caters to a wider age range.\n\n**3. Family Fun Day: Basketball & Wellbeing Fair:**\n\n* **Location:** Quezon Memorial Circle\n* **Target Audience:** Families with children of all ages\n* **Description:** A larger community event with basketball-themed games and activities alongside booths promoting mental health resources, healthy living, and local community organizations. This could include face painting, inflatable basketball hoops, healthy food vendors, and information sessions from Capitol Medical Center on topics relevant to families.\n* **Tags:** `Basketball`, `Mental Health`, `Family`, `Community`, `Fun`, `All Ages`, `Wellness`\n* **Justification:**  Creates a positive community atmosphere, caters to a broad audience, and combines fun activities with valuable resources and information.\n\n\n**Regarding Tags and Average:**\n\nThe available data doesn\'t provide enough information on tags to give a meaningful \"average.\" The sample data has empty tag fields.  Moving forward, it would be beneficial to collect more comprehensive data on user interests with a wider range of tags.  The tags I\'ve suggested above reflect the proposed events and can be used as a starting point for a more robust tagging system.  This will allow for more personalized and targeted event recommendations in the future.\n','2025-04-02 16:56:05'),
(71,'Explain the data you are referencing','AI Recommendation:\n\nGiven your interest in mental health and basketball, combined with the community demographics and available facilities, I recommend the following events:\n\n**1. \"Mindful Hoops\" Basketball Clinic & Mental Wellness Workshop:**\n\n* **Target Audience:** Ages 15-29 (This age group constitutes a significant portion of the community and aligns with peak basketball interest.)  Could also open to younger age groups with modified activities.\n* **Location:** Old Capitol Covered Court (Leverages existing community facilities).\n* **Event Details:** Combine a basketball clinic focusing on skill development and teamwork with a mental wellness workshop addressing stress management, mindfulness techniques, and the importance of physical activity for mental well-being.  Potentially partner with Capitol Medical Center for professional facilitation of the mental wellness component, adding credibility and resources.\n* **Justification:** Addresses both of your stated interests.  Provides a fun, engaging way to promote physical and mental health within a relevant age group.\n\n**2. \"3-on-3 for Mental Health Awareness\" Tournament:**\n\n* **Target Audience:** Ages 15-29 (Primary) and open to other age groups for participation or as spectators.\n* **Location:** Old Capitol Covered Court\n* **Event Details:** Organize a 3-on-3 basketball tournament with proceeds benefiting a local mental health organization or initiative.  Include mental health awareness booths and information dissemination during the event.\n* **Justification:** Raises awareness and funds for mental health causes while engaging the community through a popular sport.  Creates a positive social environment.\n\n\n**3. \"Family Fun Day: Basketball, Games & Mindfulness\"**\n\n* **Target Audience:** Families with children of all ages.\n* **Location:** Quezon Memorial Circle (Offers open space for various activities.)\n* **Event Details:**  A more casual event with basketball-themed games and activities suitable for various ages and skill levels.  Incorporate a \"Mindfulness Zone\" with age-appropriate activities promoting relaxation, stress reduction, and emotional regulation for both kids and adults.\n* **Justification:** Caters to a broader demographic within the community, including families with young children, while still incorporating your interests in a family-friendly format.\n\n\n**Data Used for Recommendations:**\n\n* **Your stated interests:** Mental health and basketball were the primary drivers.\n* **Age distribution:** Focused on the largest represented age groups (15-29) for the more competitive events but also considered family-inclusive options.\n* **Community facilities:** Identified suitable locations based on event needs and available resources.\n* **Community stats (limited):** While the provided community stats were not very detailed, the confirmation of interest in mental health reinforced the relevance of including this aspect in the events.\n\n\nBy offering a range of events catering to different age groups and preferences, we aim to maximize community engagement and promote both physical and mental well-being.\n','2025-04-02 17:03:07'),
(72,'Create a plan based on the data','AI Recommendation:\n\nGiven the user\'s interest in mental health and basketball, combined with the community demographics and available facilities, I recommend the following events:\n\n**1. Youth Basketball Clinic & Mental Wellness Workshop:**\n\n* **Target Audience:** Children and teenagers (5-19 years old). This age group constitutes a significant portion of the community and aligns with the higher population percentages in these brackets.\n* **Location:** Old Capitol Covered Court. This provides a suitable venue for basketball activities.\n* **Activities:**  Basketball drills and scrimmages led by local coaches or volunteers. Integrate a short, age-appropriate mental wellness workshop focusing on topics like stress management, teamwork, and building self-esteem.  Partnering with Capitol Medical Center could provide access to qualified speakers for the mental wellness component.  This combines both user interests.\n* **Promotion:** Emphasize the dual benefits of physical activity and mental well-being. Target schools and community centers to reach the desired age group.\n\n**2. \"Mindful Hoops\" Open Gym & Mental Health Resource Fair:**\n\n* **Target Audience:** Young adults (20-29 years old) – the largest represented group in the data.\n* **Location:** Old Capitol Covered Court.\n* **Activities:** Organize open gym sessions for basketball enthusiasts.  Alongside the open gym, host a mental health resource fair with booths from local organizations, therapists, and support groups.  This allows individuals to play basketball while also providing easy access to mental health resources.\n* **Promotion:**  Utilize social media and online platforms to reach this demographic. Highlight the social aspect of the event and the opportunity to connect with mental health professionals.\n\n**3. Family Fun Day: Basketball, Games & Mindfulness Activities:**\n\n* **Target Audience:** Families with young children (1-9 years old). This caters to a substantial portion of the community, offering activities that can engage both parents and children.\n* **Location:** Quezon Memorial Circle. This large, open space provides ample room for various activities and facilitates a family-friendly environment.\n* **Activities:** Include a range of activities like mini basketball games for kids, mindfulness exercises for parents and children, and other family-oriented games and entertainment.\n* **Promotion:**  Reach out to family-focused organizations and community groups. Emphasize the event as a way to promote family bonding and well-being.\n\n**Further Considerations:**\n\n* **Partnerships:** Collaborate with local businesses, community organizations, and healthcare providers like Capitol Medical Center to enhance the events and reach a wider audience.\n* **Data Collection:** Gather feedback after each event to assess effectiveness and tailor future events to community needs.\n* **Accessibility:** Ensure all events are accessible to individuals with disabilities.\n* **Budget:** Develop a budget that outlines expenses and identifies potential funding sources.\n\nBy incorporating these recommendations, the event plan effectively addresses the user\'s interests and caters to the diverse demographics within the community, while also utilizing available facilities.  This comprehensive approach promotes both physical and mental well-being within the community.\n','2025-04-02 17:03:28'),
(73,'Explain the data you are referencing','AI Recommendation:\n\nGiven your interest in mental health and basketball, combined with the community demographics and available facilities, I recommend the following events:\n\n**1. Youth Basketball Clinic with a Mental Wellness Component:**\n\n* **Target Audience:** Children and teenagers (ages 5-19).  This caters to a significant portion of the community\'s younger population.\n* **Location:** Old Capitol Covered Court. This provides a readily available and appropriate space.\n* **Event Details:**  Combine basketball drills and scrimmages with short sessions focused on mental wellness topics relevant to young people.  These could include stress management techniques, building resilience, and promoting positive self-talk. Partnering with a local sports psychologist or counselor from Capitol Medical Center would add credibility and expertise.\n* **Rationale:** This event addresses both of your interests while serving a large segment of the community.  It promotes physical activity and mental wellbeing in a fun and engaging way.\n\n**2. \"Mindfulness on the Court\" Workshop for Young Adults:**\n\n* **Target Audience:** Young adults (ages 20-29).  This demographic represents a significant portion of the provided data and are often experiencing the stresses of early adulthood.\n* **Location:**  Quezon Memorial Circle or UP-Ayala Technohub Center. These locations offer outdoor space suitable for mindful movement activities.\n* **Event Details:** This workshop could combine basketball-related exercises (dribbling, shooting practice) with mindfulness practices like meditation, yoga, or deep breathing techniques.  The focus would be on how mindfulness can improve focus, performance, and manage stress, both on and off the court.\n* **Rationale:**  This event caters to your interest in mental health and basketball while addressing the specific needs of young adults.  It offers a unique approach to combining physical activity with mental wellbeing.\n\n**3. Mental Health Awareness Talk & Basketball Free Throw Contest:**\n\n* **Target Audience:** All ages. This event can engage a broader audience and increase community awareness.\n* **Location:** Quezon City Hall Complex or Quezon Memorial Circle.  These locations offer space for presentations and community gatherings.\n* **Event Details:** Host a talk by a mental health professional from Capitol Medical Center on topics relevant to the community.  Combine this with a fun, inclusive basketball free throw contest for all ages.  Offer prizes and promote local mental health resources.\n* **Rationale:** This event combines education and entertainment while raising awareness about mental health.  The basketball component adds a draw for a wider audience and creates a positive association with mental wellbeing.\n\n\nThese are just a few ideas to get started.  Further tailoring can be done based on more specific community data, budget considerations, and resource availability. I can also provide more detailed event plans, including marketing strategies and logistical considerations, once we have a clearer understanding of your priorities.\n','2025-04-02 17:07:23'),
(74,'Recommend events based on available data, Show me the tags you have and the average of it','Based on the provided data, here are some event recommendations:\n\n**Tags:**  While the sample data doesn\'t provide useful tags, we can infer relevant tags based on user interests and community resources.  These would include: \"Mental Health\", \"Wellness\", \"Basketball\", \"Sports\", \"Community\", \"Family\", \"Youth\", \"Outdoor Activities\".  Since there\'s no quantifiable tag data to average, we\'ll focus on event recommendations aligned with these inferred tags.\n\n**Event Recommendations:**\n\n* **Youth Basketball Clinic (Ages 5-14):** Held at the Old Capitol Covered Court. This leverages the existing community facility and caters to a significant portion of the user\'s age demographic with an interest in basketball.  Could be organized in partnership with local basketball enthusiasts or even the city\'s sports department.\n* **\"Mind Matters\" Family Fun Day (All Ages):**  Held at Quezon Memorial Circle. This event could include a mix of activities promoting mental wellness for all age groups, including:\n    * **Kids Zone:**  Arts and crafts activities with a focus on expressing emotions, storytelling sessions promoting emotional intelligence.\n    * **Teen Zone:**  Interactive workshops on stress management techniques, peer support groups, information booths about mental health resources.\n    * **Adult Zone:**  Yoga and meditation sessions, talks by mental health professionals, resource booths for parents and caregivers.\n* **Mental Health Awareness Talk for Young Adults (Ages 15-29):** Held at UP-Ayala Technohub Center or Quezon City Hall Complex.  This caters to the largest age demographic in the provided data and addresses the user\'s interest in mental health.  This could feature a speaker from Capitol Medical Center or another mental health organization.\n* **3-on-3 Basketball Tournament (Ages 15-29):**  Held at the Old Capitol Covered Court.  This targets the largest age demographic while focusing on basketball.  Different categories could be created based on skill level.\n* **Community Walk/Run for Mental Health Awareness (All Ages):**  Held at Quezon Memorial Circle. This promotes both physical and mental well-being, and can involve community participation and sponsorship opportunities.\n\n\n**Justification:**\n\nThese recommendations consider the user\'s stated interest in mental health and basketball, the available community facilities, and the age demographics within the community. They cater to a range of age groups and offer a balance of physical activity and educational/awareness-building opportunities.  Partnering with local organizations like Capitol Medical Center and city departments can further enhance the impact and reach of these events.\n','2025-04-02 17:07:37'),
(75,'Explain the data you are referencing','AI Recommendation:\n\nGiven the user\'s interest in mental health and basketball, combined with the community demographics and available facilities, I recommend the following events:\n\n**1. \"Mindfulness & Movement\" at Quezon Memorial Circle:**\n\n* **Target Audience:**  All ages, particularly young adults (20-29, the largest represented group in the provided data).\n* **Description:** A free community event featuring a morning of mindful exercises like yoga and Tai Chi, followed by a 3-on-3 basketball tournament in the afternoon.  Local mental health professionals can be invited to provide short talks or informational booths on stress management and mental wellness.\n* **Rationale:** Leverages the open space of Quezon Memorial Circle. Combines both user interests. Promotes physical and mental well-being.  Free access encourages broader community participation.\n\n**2. \"Basketball Skills Clinic & Mental Toughness Workshop\" at Old Capitol Covered Court:**\n\n* **Target Audience:**  Youth (10-19), appealing to a significant portion of the community.\n* **Description:** Partner with local basketball coaches to offer a skills clinic focusing on basketball fundamentals. Integrate a mental toughness workshop led by a sports psychologist or counselor, addressing topics like focus, resilience, and dealing with pressure.\n* **Rationale:** Utilizes the existing basketball court. Links basketball skills development with mental health, demonstrating the interconnectedness of physical and mental strength in sports. Caters to a specific age group with a high population percentage.\n\n**3. \"Hoops for Hope\" Charity Basketball Tournament at Old Capitol Covered Court:**\n\n* **Target Audience:**  Broad community participation (players and spectators).\n* **Description:** Organize a charity basketball tournament with different age divisions. Proceeds can be donated to a local mental health organization or the Capitol Medical Center\'s mental health services.\n* **Rationale:**  Combines basketball with a charitable cause, raising awareness and funds for mental health. Fosters community spirit and engagement. Provides opportunities for different age groups to participate.\n\n**4. \"Mental Health Awareness Month Webinar Series\" (Online):**\n\n* **Target Audience:**  All ages, accessible online.\n* **Description:** Host a series of online webinars featuring mental health experts from Capitol Medical Center or other organizations. Topics can range from stress management and anxiety to specific mental health conditions.\n* **Rationale:**  Reaches a wider audience regardless of location or physical limitations. Provides valuable information and resources on mental health.  Partnerships with local healthcare providers add credibility and expertise.\n\n\n**Data Explanation:**\n\nI am using the provided age distribution data to understand the community\'s demographic makeup.  The user\'s stated interests in mental health and basketball directly inform the event recommendations.  The availability of community facilities like Quezon Memorial Circle and the Old Capitol Covered Court guides the choice of venue and event type.  The presence of Capitol Medical Center suggests a potential partnership opportunity for health-related events. The \"Most Common Interests\" and \"Sample Data\" currently offer limited additional information as they mirror the user\'s individual interests and the sample data appears placeholder.  However, if these were populated with more comprehensive community-level data, I could refine the event recommendations further.\n','2025-04-02 17:08:34'),
(76,'Recommend events based on available data, Show me the tags you have and the average of it','AI Recommendation:\n\nGiven the user\'s interest in mental health and basketball, combined with the community demographics and available facilities, I recommend the following events:\n\n**1. Youth Basketball Clinic with Mental Wellness Component:**\n\n* **Location:** Old Capitol Covered Court\n* **Target Audience:** Ages 10-19 (This age range has a significant representation in the community and aligns with typical basketball participation ages.)\n* **Description:** This event combines basketball skills training with sessions on mental wellness topics relevant to young people, such as stress management, building resilience, and teamwork.  We could partner with Capitol Medical Center, Inc. (CMCI) to provide qualified speakers or resources for the mental wellness component. This event could be structured as a weekly or monthly series.\n* **Tags:**  Basketball, Mental Health, Youth, Sports, Wellness, Clinic, Training\n\n**2. \"Mindful Movement\" Series at Quezon Memorial Circle:**\n\n* **Location:** Quezon Memorial Circle\n* **Target Audience:**  All ages (adaptable activities for different age groups)\n* **Description:**  This series would offer a variety of activities focusing on physical activity and mindfulness. Examples include guided meditation walks, yoga in the park, Tai Chi, and even mindful basketball drills. This caters to a broad age range and promotes mental wellbeing through accessible physical activity.\n* **Tags:** Mental Health, Mindfulness, Movement, Exercise, Outdoors, Community, All Ages\n\n**3.  Mental Health Awareness Forum/Talk:**\n\n* **Location:** Quezon City Hall Complex or UP-Ayala Technohub Center (depending on target audience and capacity)\n* **Target Audience:** Young Adults (20-29) and potentially parents of younger children\n* **Description:** This event could feature a speaker discussing mental health topics relevant to the target audience, such as managing stress in young adulthood or fostering mental well-being in families.  This event could also include a Q&A session and resource fair connecting attendees with local mental health services (potentially in collaboration with CMCI).\n* **Tags:**  Mental Health, Awareness, Forum, Talk, Young Adults, Parents, Resources\n\n**4. Family Fun Day with Basketball and Wellness Activities:**\n\n* **Location:** Quezon Memorial Circle\n* **Target Audience:** Families with children of all ages\n* **Description:** This event would feature various activities for families, including a kids\' basketball zone, mindfulness activities for adults and children, healthy food vendors, and information booths on local mental health resources. This provides a fun, inclusive environment for families to engage in physical activity and learn about mental wellness.\n* **Tags:** Family, Fun, Basketball, Wellness, Community, Kids, Outdoors\n\n\n**Tags and Average Representation (based on the provided, limited, and incomplete tag data):**\n\nThe current \"Sample Data\" doesn\'t offer enough information for meaningful tag analysis. I\'ve provided relevant tags for the suggested events above.  As more data is gathered (e.g., users tagging their interests, event attendance data), we can generate more accurate tag representation statistics.  For now, the most prominent tags based on user interest and community needs are \"Mental Health\" and \"Basketball.\"\n\n\nThis is a starting point.  With more comprehensive data on user interests and engagement, I can generate more personalized and effective event recommendations.  Gathering data through surveys, feedback forms, and website interactions would be highly beneficial.\n','2025-04-02 20:02:56'),
(77,'Recommend events based on available data, Show me the tags you have and the average of it','AI Recommendation:\n\nGiven the user\'s interest in mental health and basketball, combined with the community demographics and available facilities, I recommend the following events:\n\n**1. \"Mindful Hoops\" Basketball Clinic (Ages 10-19):**\n\n* **Location:** Old Capitol Covered Court\n* **Description:** This event combines basketball training with mindfulness exercises.  Certified coaches will lead drills and scrimmages, interspersed with sessions focusing on stress management, focus improvement, and team building through mindful practices. This caters to the user\'s interest in both basketball and mental wellness while targeting a significant portion of the community\'s youth population (10-19 age group).\n\n**2. \"Mental Health Awareness 3-on-3 Tournament\" (Ages 15-29):**\n\n* **Location:** Old Capitol Covered Court\n* **Description:**  A 3-on-3 basketball tournament with information booths and resources related to mental health.  Partner with local mental health organizations (potentially leveraging the proximity of Capitol Medical Center) to provide information and support. This event targets the older youth and young adult demographic while raising awareness about mental health.\n\n**3. \"Family Fun Day: Basketball and Mindfulness\" (All Ages):**\n\n* **Location:** Quezon Memorial Circle (ample space for various activities)\n* **Description:** A free community event featuring basketball-themed games and activities suitable for all ages.  Include a dedicated \"Mindfulness Zone\" with guided meditation sessions, relaxation techniques, and resources for families dealing with mental health challenges.  This event fosters community engagement and caters to the diverse age range within the community.\n\n**4. \"Mental Wellness Workshop for Young Adults\" (Ages 20-29):**\n\n* **Location:** Quezon City Hall Complex or UP-Ayala Technohub Center (meeting rooms or conference spaces)\n* **Description:** A workshop specifically designed to address the mental health challenges faced by young adults. Topics can include stress management, anxiety reduction, and building healthy coping mechanisms.  Partner with mental health professionals from Capitol Medical Center or other local organizations. This event caters to the significant 20-29 age group and their expressed interest in mental health.\n\n**Regarding Tags and Averages:**\n\nBased on the provided data, there isn\'t a robust tagging system in place yet.  The sample data shows empty tag fields.  To provide more personalized recommendations in the future, we need to implement a more comprehensive tagging system that captures various interests and event types.  For example, tags could include:\n\n* **Interests:**  Sports, Arts, Music, Health, Education, Technology, etc.\n* **Event Types:**  Workshop, Tournament, Festival, Concert, Clinic, Seminar, etc.\n* **Age Groups:**  Kids, Teens, Adults, Seniors, Families, etc.\n\nOnce a tagging system is implemented and populated with data, we can calculate averages and trends to offer more precise and relevant recommendations. For example, we could determine the average age of attendees for certain event types or the most popular interests within a specific age group. This would allow for highly targeted and effective event planning.\n','2025-04-04 12:24:41'),
(78,'Explain the data you are referencing','AI Recommendation:\n\nGiven your interest in mental health and basketball, combined with the community demographics and available facilities, I recommend the following events:\n\n**1. \"Mind & Body Wellness Fair\" at Quezon Memorial Circle:**\n\n* **Target Audience:** All ages, with specific activities for different age groups.\n* **Activities:**\n    * Basketball free throw contest and 3-on-3 tournament at the Old Capitol Covered Court (targeting teens and young adults, aligning with the higher population in 15-29 age range).\n    * Mental health awareness booths with information, resources, and short talks by professionals (appealing to your interest and the community\'s common interest).\n    * Kids\' activity area with games and educational activities promoting healthy habits (catering to the significant population of children under 14).\n    * Yoga and mindfulness sessions in the park (general wellness activity for all ages).\n* **Collaboration:** Partner with Capitol Medical Center for health screenings and expert talks, potentially incorporating basketball players as ambassadors for physical and mental wellness.\n\n**2. \"Hoops for Hope\" Basketball Tournament at Old Capitol Covered Court:**\n\n* **Target Audience:** Primarily teenagers and young adults (15-29 age group).\n* **Activities:**\n    * 3-on-3 basketball tournament with different divisions for varying skill levels.\n    * Mental health awareness booth with resources and information specifically geared towards young people.\n    * Post-game talks by athletes or mental health professionals on topics like managing stress and pressure, building resilience, and the importance of mental well-being.\n* **Collaboration:** Invite local schools and basketball clubs to participate, potentially partnering with mental health organizations for resources and speakers.\n\n**3. \"Mental Health Awareness Week\" Film Showing and Discussion at UP-Ayala Technohub Center:**\n\n* **Target Audience:** Primarily young adults and professionals (20-29 age group).\n* **Activities:**\n    * Screening of documentaries or films related to mental health.\n    * Panel discussion with mental health professionals and potentially individuals sharing their personal experiences.\n    * Q&A session with the audience.\n* **Collaboration:** Partner with local universities, mental health organizations, and film clubs.\n\n**Explanation of the data I am referencing:**\n\nI am using the provided age distribution data to understand the dominant age groups within the community.  The user\'s expressed interests (mental health and basketball) guide the event themes.  The available community facilities and landmarks, like Quezon Memorial Circle and Old Capitol Covered Court, influence the location and activity possibilities. Finally, the \"Community Stats\" although limited in the example, could potentially be used to identify broader community interests and trends.  This combination allows me to recommend events relevant to the user\'s preferences and the community\'s makeup and resources.\n','2025-04-04 12:47:20'),
(79,'Create a plan based on the data','AI Recommendation:\n\nGiven the user\'s interest in mental health and basketball, combined with the community demographics and available facilities, I recommend the following events:\n\n**1. Youth Basketball Clinic & Mental Wellness Workshop:**\n\n* **Target Audience:** Children aged 5-14 and their parents.\n* **Location:** Old Capitol Covered Court.\n* **Description:**  Combine a fun basketball clinic with a mental wellness workshop tailored for both children and parents. The basketball clinic can focus on basic skills, teamwork, and sportsmanship. The mental wellness workshop can address topics like managing stress, building resilience, and fostering positive communication within families, particularly related to sports and competition.  Partnerships with local sports organizations or the Healthcare facility (CMCI) could add value and expertise.\n* **Justification:** Addresses both user interests, caters to a significant portion of the community\'s younger population, and utilizes an existing community facility.\n\n**2. \"Mindfulness on the Court\" Basketball Tournament:**\n\n* **Target Audience:** Young adults aged 15-29.\n* **Location:** Old Capitol Covered Court.\n* **Description:** Organize a basketball tournament with a focus on mental wellness.  Incorporate mindfulness activities like pre-game meditation or yoga sessions.  Include educational booths or short talks on mental health topics during breaks.  Potentially partner with CMCI for mental health resources and professionals.\n* **Justification:** Targets the largest age group in the provided data, combines both interests, and promotes mental well-being through a popular sport.\n\n**3. \"Hoops for Health\" Fundraising Event:**\n\n* **Target Audience:** All ages.\n* **Location:** Quezon Memorial Circle or Old Capitol Covered Court.\n* **Description:** A larger-scale event involving 3-on-3 basketball tournaments, skills competitions, food stalls, and entertainment. Proceeds can be donated to a mental health organization or used to fund future community mental wellness initiatives.  CMCI could be invited to participate and provide information on their services.\n* **Justification:** Engages the broader community, raises awareness about mental health, and generates funds for a worthy cause.  Leverages well-known landmarks for greater visibility.\n\n**4. Mental Health Awareness Talk & Open Gym:**\n\n* **Target Audience:**  20-29 age group.\n* **Location:** Old Capitol Covered Court or a community hall near UP-Ayala Technohub Center (if available).\n* **Description:** Host a talk by a mental health professional followed by an open gym session for basketball. This creates a casual environment for discussing mental health and encourages physical activity as a coping mechanism.\n* **Justification:** Targets a specific age group with high representation and combines both interests. The proximity to the Technohub could attract young professionals.\n\n**Next Steps:**  Gather more detailed data about the community\'s specific mental health needs and preferences.  Survey residents to gauge their interest in these proposed events.  Contact potential partners (CMCI, local sports organizations) to explore collaboration opportunities. Secure necessary permits and resources for the chosen events.\n','2025-04-04 12:48:14');

/*Table structure for table `announcements` */

DROP TABLE IF EXISTS `announcements`;

CREATE TABLE `announcements` (
  `id` int(11) NOT NULL AUTO_INCREMENT,
  `title` varchar(255) NOT NULL,
  `description` text DEFAULT NULL,
  `image_path` varchar(255) DEFAULT NULL,
  `created_at` timestamp NULL DEFAULT current_timestamp(),
  PRIMARY KEY (`id`)
) ENGINE=InnoDB AUTO_INCREMENT=53 DEFAULT CHARSET=latin1 COLLATE=latin1_swedish_ci;

/*Data for the table `announcements` */

/*Table structure for table `comments` */

DROP TABLE IF EXISTS `comments`;

CREATE TABLE `comments` (
  `user_id` varchar(100) DEFAULT NULL,
  `id` int(11) NOT NULL AUTO_INCREMENT,
  `post_id` int(11) NOT NULL,
  `content` text NOT NULL,
  `image_path` varchar(255) DEFAULT NULL,
  `created_at` timestamp NULL DEFAULT current_timestamp(),
  PRIMARY KEY (`id`),
  KEY `post_id` (`post_id`),
  CONSTRAINT `comments_ibfk_1` FOREIGN KEY (`post_id`) REFERENCES `posts` (`id`) ON DELETE CASCADE
) ENGINE=InnoDB AUTO_INCREMENT=24 DEFAULT CHARSET=latin1 COLLATE=latin1_swedish_ci;

/*Data for the table `comments` */

/*Table structure for table `cy` */

DROP TABLE IF EXISTS `cy`;

CREATE TABLE `cy` (
  `id` int(11) NOT NULL AUTO_INCREMENT,
  `name` varchar(255) DEFAULT NULL,
  `lastname` varchar(255) DEFAULT NULL,
  `age` int(100) DEFAULT NULL,
  `location` varchar(255) DEFAULT NULL,
  `guardian` varchar(255) DEFAULT NULL,
  `contacts` varchar(255) DEFAULT NULL,
  `tags` varchar(255) DEFAULT NULL,
  PRIMARY KEY (`id`)
) ENGINE=InnoDB AUTO_INCREMENT=31 DEFAULT CHARSET=latin1 COLLATE=latin1_swedish_ci;

/*Data for the table `cy` */

insert  into `cy`(`id`,`name`,`lastname`,`age`,`location`,`guardian`,`contacts`,`tags`) values 
(28,'Rovick','Cruz',22,'Caloocan city','Me myself andI','09102471669','sports, arts'),
(29,'Emerald','Espenida',10,'Deparo','She herself and her ','09350290248','sports, music'),
(30,'Shiki','Totoo',5,'Di ko alam eh','Nawawala nga','09258572975','Music, theater, sports');

/*Table structure for table `events` */

DROP TABLE IF EXISTS `events`;

CREATE TABLE `events` (
  `id` int(11) NOT NULL AUTO_INCREMENT,
  `event_name` varchar(255) NOT NULL,
  `event_description` text DEFAULT NULL,
  `event_date` date DEFAULT NULL,
  `start_time` time DEFAULT NULL,
  `end_time` time DEFAULT NULL,
  `location` varchar(255) DEFAULT NULL,
  `organizer_id` int(11) DEFAULT NULL,
  `proposal_file` varchar(255) DEFAULT NULL,
  `status` varchar(255) DEFAULT 'Pending',
  `created_at` timestamp NULL DEFAULT current_timestamp(),
  `updated_at` timestamp NULL DEFAULT current_timestamp() ON UPDATE current_timestamp(),
  PRIMARY KEY (`id`)
) ENGINE=InnoDB AUTO_INCREMENT=49 DEFAULT CHARSET=latin1 COLLATE=latin1_swedish_ci;

/*Data for the table `events` */

/*Table structure for table `image` */

DROP TABLE IF EXISTS `image`;

CREATE TABLE `image` (
  `id` int(11) NOT NULL AUTO_INCREMENT,
  `image_path` varchar(255) NOT NULL,
  PRIMARY KEY (`id`)
) ENGINE=InnoDB AUTO_INCREMENT=4 DEFAULT CHARSET=latin1 COLLATE=latin1_swedish_ci;

/*Data for the table `image` */

insert  into `image`(`id`,`image_path`) values 
(1,'uploads/7e216714-1cc9-4b21-9e84-583805789b43.jpg'),
(2,'uploads/9de5b723-476d-4fe0-9fb7-472bd12e008a.jpg'),
(3,'uploads/9de5b723-476d-4fe0-9fb7-472bd12e008a.jpg');

/*Table structure for table `points_log` */

DROP TABLE IF EXISTS `points_log`;

CREATE TABLE `points_log` (
  `id` int(11) NOT NULL AUTO_INCREMENT,
  `user_id` int(11) NOT NULL,
  `action` enum('add','deduct') NOT NULL,
  `points` int(11) NOT NULL,
  `reason` text NOT NULL,
  `created_at` timestamp NULL DEFAULT current_timestamp(),
  PRIMARY KEY (`id`),
  KEY `user_id` (`user_id`),
  CONSTRAINT `points_log_ibfk_1` FOREIGN KEY (`user_id`) REFERENCES `user` (`id`)
) ENGINE=InnoDB AUTO_INCREMENT=13 DEFAULT CHARSET=latin1 COLLATE=latin1_swedish_ci;

/*Data for the table `points_log` */

insert  into `points_log`(`id`,`user_id`,`action`,`points`,`reason`,`created_at`) values 
(8,9,'add',20,'Wala lang\r\n','2025-04-04 16:59:28'),
(9,9,'add',2,'dawd','2025-04-04 17:00:44'),
(10,10,'add',2,'dawd','2025-04-04 17:00:44'),
(11,12,'add',2,'dawd','2025-04-04 17:00:44'),
(12,14,'add',2,'dawd','2025-04-04 17:00:44');

/*Table structure for table `post_images` */

DROP TABLE IF EXISTS `post_images`;

CREATE TABLE `post_images` (
  `id` int(11) NOT NULL AUTO_INCREMENT,
  `post_id` int(11) NOT NULL,
  `image_path` varchar(255) NOT NULL,
  PRIMARY KEY (`id`),
  KEY `post_id` (`post_id`),
  CONSTRAINT `post_images_ibfk_1` FOREIGN KEY (`post_id`) REFERENCES `posts` (`id`) ON DELETE CASCADE
) ENGINE=InnoDB AUTO_INCREMENT=33 DEFAULT CHARSET=latin1 COLLATE=latin1_swedish_ci;

/*Data for the table `post_images` */

/*Table structure for table `posts` */

DROP TABLE IF EXISTS `posts`;

CREATE TABLE `posts` (
  `id` int(11) NOT NULL AUTO_INCREMENT,
  `user_id` int(11) NOT NULL,
  `content` text NOT NULL,
  `created_at` timestamp NULL DEFAULT current_timestamp(),
  `status` enum('pending','approved') DEFAULT 'pending',
  PRIMARY KEY (`id`)
) ENGINE=InnoDB AUTO_INCREMENT=41 DEFAULT CHARSET=latin1 COLLATE=latin1_swedish_ci;

/*Data for the table `posts` */

/*Table structure for table `programs` */

DROP TABLE IF EXISTS `programs`;

CREATE TABLE `programs` (
  `id` int(11) NOT NULL AUTO_INCREMENT,
  `event_name` varchar(225) DEFAULT NULL,
  `event_date` date DEFAULT NULL,
  `participants` int(11) DEFAULT NULL,
  `location` varchar(225) DEFAULT NULL,
  `created_at` timestamp NULL DEFAULT NULL,
  `updated_at` timestamp NULL DEFAULT NULL,
  PRIMARY KEY (`id`)
) ENGINE=InnoDB AUTO_INCREMENT=13 DEFAULT CHARSET=latin1 COLLATE=latin1_swedish_ci;

/*Data for the table `programs` */

insert  into `programs`(`id`,`event_name`,`event_date`,`participants`,`location`,`created_at`,`updated_at`) values 
(12,'dwd','2025-03-18',200,'dwdw',NULL,NULL);

/*Table structure for table `redeemable_items` */

DROP TABLE IF EXISTS `redeemable_items`;

CREATE TABLE `redeemable_items` (
  `id` int(11) NOT NULL AUTO_INCREMENT,
  `item_name` varchar(255) NOT NULL,
  `description` text DEFAULT NULL,
  `image_path` varchar(255) DEFAULT NULL,
  `points_required` int(11) NOT NULL,
  PRIMARY KEY (`id`)
) ENGINE=InnoDB AUTO_INCREMENT=15 DEFAULT CHARSET=latin1 COLLATE=latin1_swedish_ci;

/*Data for the table `redeemable_items` */

insert  into `redeemable_items`(`id`,`item_name`,`description`,`image_path`,`points_required`) values 
(14,'School Supplies','Get your free school supplies here! claim your stub and go to Old capitol city hall anytime and show your stub to claim it! NOW!','schoo.jpg',100);

/*Table structure for table `user` */

DROP TABLE IF EXISTS `user`;

CREATE TABLE `user` (
  `id` int(11) NOT NULL AUTO_INCREMENT,
  `firstname` varchar(100) DEFAULT NULL,
  `lastname` varchar(120) DEFAULT NULL,
  `email` varchar(100) DEFAULT NULL,
  `username` varchar(100) DEFAULT NULL,
  `password` varchar(100) DEFAULT NULL,
  PRIMARY KEY (`id`)
) ENGINE=InnoDB AUTO_INCREMENT=19 DEFAULT CHARSET=latin1 COLLATE=latin1_swedish_ci;

/*Data for the table `user` */

insert  into `user`(`id`,`firstname`,`lastname`,`email`,`username`,`password`) values 
(8,'user1','try','hatdog@gmail.com','qwewq','$2y$10$SsXWxdoe9Si7miUXeFDKhOueGWhneAfkkOGBP/kBk1F0j5CTWQM0G'),
(9,'Emerald','Espenida','kaito4127@gmail.com','User','$2y$10$.RbUjp.xjtJH8uGl9b3xFuypFkFAXUkKigc8kL7uEkUp8yB1qQhmO'),
(10,'Rovick','Cruz','cruzrovick@gmail.com','Admin','$2y$10$n1lTFkBaIyd0Waspn4vC6.rC0beiYrOIjJpbduqQeAv1km2lh6EDy'),
(12,'Shiki','Totoo','hahah@gmail.com','user2','$2y$10$2P5Dy6YHH8XThfG6DJSu/.tBSnCcxO6jiaVROaRBD9gj6U9EP2aoK'),
(14,'Monina','Parado','ewewe@gmail.com','user5','$2y$10$vLWvRnqBTQbx73pNNpmSduDZRyfCZDUxQ/iTtVoN.DzL07CtHIEJ.'),
(15,'Tejie','Ubos','kaito4127@gmail.com','user6','$2y$10$dobMSUtJiZReOD1GNcq6RudGj5HNnsHAwg3PmKAPljKplg8R03sy6'),
(16,'Maria','Santos','kaito4127@gmail.com','Maria','$2y$10$DWOnNA5NkHTCtgBxnPZ9aO1qre8U8wuNslsf16roizEHTEF6BJ57q'),
(17,'Juan','Santos','cruz@gmail.com','Juan','$2y$10$mweR.JGAXld6MpYLb2fjmOChamnxauHKSGqGbI5Q3P4hhgQhZop6K'),
(18,'Arman','Ocampo','ewewe@gmail.com','Arman','$2y$10$4dDMQiq5SBCO7KmTZZ7.tu5VCa1HBcx4i.1Qsfs5e4zVAL0oHuVV2');

/*Table structure for table `user_points` */

DROP TABLE IF EXISTS `user_points`;

CREATE TABLE `user_points` (
  `id` int(11) NOT NULL AUTO_INCREMENT,
  `user_id` int(11) NOT NULL,
  `points` int(11) DEFAULT 0,
  PRIMARY KEY (`id`),
  KEY `user_id` (`user_id`),
  CONSTRAINT `user_points_ibfk_1` FOREIGN KEY (`user_id`) REFERENCES `user` (`id`)
) ENGINE=InnoDB AUTO_INCREMENT=10 DEFAULT CHARSET=latin1 COLLATE=latin1_swedish_ci;

/*Data for the table `user_points` */

insert  into `user_points`(`id`,`user_id`,`points`) values 
(1,9,132),
(2,8,13),
(3,12,54),
(4,10,12),
(5,14,7),
(6,15,12),
(7,16,7),
(8,17,7),
(9,18,5);

/*Table structure for table `user_points_log` */

DROP TABLE IF EXISTS `user_points_log`;

CREATE TABLE `user_points_log` (
  `id` int(11) NOT NULL AUTO_INCREMENT,
  `user_id` int(11) NOT NULL,
  `date` date NOT NULL,
  `points_change` int(11) NOT NULL,
  `description` varchar(255) NOT NULL,
  PRIMARY KEY (`id`),
  KEY `user_id` (`user_id`),
  CONSTRAINT `user_points_log_ibfk_1` FOREIGN KEY (`user_id`) REFERENCES `user` (`id`)
) ENGINE=InnoDB AUTO_INCREMENT=31 DEFAULT CHARSET=latin1 COLLATE=latin1_swedish_ci;

/*Data for the table `user_points_log` */

insert  into `user_points_log`(`id`,`user_id`,`date`,`points_change`,`description`) values 
(1,9,'2025-03-14',0,''),
(2,8,'2025-03-14',0,''),
(3,12,'2025-03-14',0,''),
(4,8,'2025-03-14',3,'Points added'),
(5,9,'2025-03-14',3,'Points added'),
(6,12,'2025-03-14',3,'Points added'),
(7,12,'2025-03-14',8,'Points added'),
(8,12,'2025-03-14',5,'Points added'),
(9,10,'2025-03-14',5,'Daily login bonus'),
(10,12,'2025-04-01',5,'Daily login bonus'),
(11,9,'2025-04-01',5,'Daily login bonus'),
(12,14,'2025-04-01',5,'Daily login bonus'),
(13,15,'2025-04-01',5,'Daily login bonus'),
(14,15,'2025-04-02',5,'Daily login bonus'),
(15,10,'2025-04-02',5,'Daily login bonus'),
(16,16,'2025-04-02',5,'Daily login bonus'),
(17,17,'2025-04-02',5,'Daily login bonus'),
(18,8,'2025-04-04',2,'Points added'),
(19,9,'2025-04-04',2,'Points added'),
(20,10,'2025-04-04',2,'Points added'),
(21,12,'2025-04-04',2,'Points added'),
(22,14,'2025-04-04',2,'Points added'),
(23,15,'2025-04-04',2,'Points added'),
(24,16,'2025-04-04',2,'Points added'),
(25,17,'2025-04-04',2,'Points added'),
(26,9,'2025-04-04',100,'Points added'),
(27,9,'2025-04-04',2,'Points added'),
(28,9,'2025-04-04',2,'Points added'),
(29,9,'2025-04-04',2,'Points added'),
(30,18,'2025-04-04',5,'Daily login bonus');

/*Table structure for table `user_tags` */

DROP TABLE IF EXISTS `user_tags`;

CREATE TABLE `user_tags` (
  `id` int(11) NOT NULL AUTO_INCREMENT,
  `user_id` int(11) NOT NULL,
  `tags` text NOT NULL,
  PRIMARY KEY (`id`),
  KEY `user_id` (`user_id`),
  CONSTRAINT `user_tags_ibfk_1` FOREIGN KEY (`user_id`) REFERENCES `user` (`id`) ON DELETE CASCADE
) ENGINE=InnoDB AUTO_INCREMENT=5 DEFAULT CHARSET=latin1 COLLATE=latin1_swedish_ci;

/*Data for the table `user_tags` */

insert  into `user_tags`(`id`,`user_id`,`tags`) values 
(3,17,'Mental health related topics, Basketball'),
(4,18,'Theater');

/*Table structure for table `volunteer` */

DROP TABLE IF EXISTS `volunteer`;

CREATE TABLE `volunteer` (
  `id` int(11) NOT NULL AUTO_INCREMENT,
  `name` varchar(255) DEFAULT NULL,
  `age` int(100) DEFAULT NULL,
  `location` varchar(255) DEFAULT NULL,
  PRIMARY KEY (`id`)
) ENGINE=InnoDB AUTO_INCREMENT=10 DEFAULT CHARSET=latin1 COLLATE=latin1_swedish_ci;

/*Data for the table `volunteer` */

insert  into `volunteer`(`id`,`name`,`age`,`location`) values 
(5,'dwd',2,'weq'),
(6,'qw',2,'we'),
(7,'qw',2,'we'),
(8,'we',2,'q');

/*!40101 SET SQL_MODE=@OLD_SQL_MODE */;
/*!40014 SET FOREIGN_KEY_CHECKS=@OLD_FOREIGN_KEY_CHECKS */;
/*!40014 SET UNIQUE_CHECKS=@OLD_UNIQUE_CHECKS */;
/*!40111 SET SQL_NOTES=@OLD_SQL_NOTES */;
